video_id,title,title_parsed,parsed_committee,parsed_date,has_start_time,start_eastern,actual_start_utc,actual_end_utc,duration_iso,published_at
C21XWH3aL6w,Senate Session (01/08/2025),yes,Session,2025-01-08,yes,2025-01-08 09:59:01,2025-01-08T14:59:01Z,2025-01-08T15:38:11Z,PT39M20S,2025-01-09T03:42:29Z
9giS8ThpiJ0,Senate Session (01/09/2025),yes,Session,2025-01-09,yes,2025-01-09 11:29:11,2025-01-09T16:29:11Z,2025-01-09T18:12:44Z,PT1H43M46S,2025-01-10T06:20:18Z
Q19k2JvuKPk,Senate Commerce (01/09/2025),yes,Commerce,2025-01-09,yes,2025-01-09 13:30:06,2025-01-09T18:30:06Z,2025-01-09T18:49:21Z,PT19M25S,2025-01-10T06:51:38Z
7Ga4fl3R5uY,Senate Election Law and Municipal Affairs (01/14/2025),yes,Election Law and Municipal Affairs,2025-01-14,yes,2025-01-14 09:28:36,2025-01-14T14:28:36Z,2025-01-14T15:38:03Z,PT1H9M16S,2025-01-15T03:46:12Z
DvCMqPXbBb4,Senate Commerce (01/14/2025),yes,Commerce,2025-01-14,yes,2025-01-14 09:29:35,2025-01-14T14:29:35Z,2025-01-14T16:13:56Z,PT1H45M6S,2025-01-15T04:24:16Z
Rc7vhBIwfHg,Senate Children and Family Law (01/14/2025),yes,Children and Family Law,2025-01-14,yes,2025-01-14 10:59:06,2025-01-14T15:59:06Z,2025-01-14T16:39:45Z,PT40M51S,2025-01-15T04:44:40Z
2czQXeaRrAs,Senate Finance (01/14/2025),yes,Finance,2025-01-14,yes,2025-01-14 12:59:06,2025-01-14T17:59:06Z,2025-01-14T19:17:38Z,PT1H18M45S,2025-01-15T07:25:33Z
ZJ5gmYKzEzI,Senate Judiciary (01/14/2025),yes,Judiciary,2025-01-14,yes,2025-01-14 12:59:07,2025-01-14T17:59:07Z,2025-01-14T20:07:55Z,PT2H9M6S,2025-01-15T08:17:35Z
fn3dD5xbTQs,Senate Executive Departments and Administration (01/15/2025),yes,Executive Departments and Administration,2025-01-15,yes,2025-01-15 08:59:06,2025-01-15T13:59:06Z,2025-01-15T15:49:25Z,PT1H50M36S,2025-01-16T03:57:08Z
F1vva9xsvwE,Senate Health and Human Services (01/15/2025),yes,Health and Human Services,2025-01-15,yes,2025-01-15 08:57:41,2025-01-15T13:57:41Z,2025-01-15T16:01:51Z,PT2H4M10S,2025-01-16T04:10:55Z
dIHZPwJF-LY,Senate Election Law and Municipal Affairs (01/21/2025),yes,Election Law and Municipal Affairs,2025-01-21,yes,2025-01-21 09:19:02,2025-01-21T14:19:02Z,2025-01-21T15:18:43Z,PT59M56S,2025-01-22T03:23:50Z
pfED3lsrx-w,Senate Education (01/21/2025),yes,Education,2025-01-21,yes,2025-01-21 08:59:02,2025-01-21T13:59:02Z,2025-01-21T15:28:23Z,PT1H29M36S,2025-01-22T03:33:33Z
2IxqJ1_33Fg,Senate Executive Departments and Administration (01/22/2025),yes,Executive Departments and Administration,2025-01-22,yes,2025-01-22 09:29:02,2025-01-22T14:29:02Z,2025-01-22T15:06:15Z,PT37M21S,2025-01-23T03:08:25Z
KYXrRxs47-Y,Senate Health and Human Services (01/22/2025),yes,Health and Human Services,2025-01-22,yes,2025-01-22 08:59:06,2025-01-22T13:59:06Z,2025-01-22T16:47:19Z,PT2H48M25S,2025-01-23T05:06:39Z
l33JiY5sG_0,Senate Commerce (01/23/2025),yes,Commerce,2025-01-23,yes,2025-01-23 09:28:36,2025-01-23T14:28:36Z,2025-01-23T16:20:01Z,PT1H51M36S,2025-01-24T04:25:23Z
8f2Dy3W8oys,Senate Judiciary (01/23/2025),yes,Judiciary,2025-01-23,yes,2025-01-23 12:59:27,2025-01-23T17:59:27Z,2025-01-23T20:33:48Z,PT2H34M30S,2025-01-24T08:58:45Z
tQkxddf3TMI,Senate Energy and Natural Resources (01/28/2025),yes,Energy and Natural Resources,2025-01-28,yes,2025-01-28 08:59:06,2025-01-28T13:59:06Z,2025-01-28T16:02:53Z,PT2H3M56S,2025-01-29T04:13:41Z
_cyYO00ZQSI,Senate Commerce (01/28/2025),yes,Commerce,2025-01-28,yes,2025-01-28 09:28:21,2025-01-28T14:28:21Z,2025-01-28T16:38:47Z,PT2H10M33S,2025-01-29T05:13:58Z
pg0dXCXeAeg,Senate Education (01/28/2025),yes,Education,2025-01-28,yes,2025-01-28 08:58:41,2025-01-28T13:58:41Z,2025-01-28T16:41:03Z,PT2H42M21S,2025-01-29T05:21:16Z
fy_hRnVeV4I,Senate Transportation (01/28/2025),yes,Transportation,2025-01-28,yes,2025-01-28 12:59:07,2025-01-28T17:59:07Z,2025-01-28T19:33:40Z,PT1H34M46S,2025-01-29T07:42:26Z
qoM-cba8uKo,Senate Finance (01/28/2025),yes,Finance,2025-01-28,yes,2025-01-28 13:14:01,2025-01-28T18:14:01Z,2025-01-28T20:24:10Z,PT2H10M20S,2025-01-29T08:34:08Z
5s7lOt9MoCg,Senate Judiciary (01/28/2025),yes,Judiciary,2025-01-28,yes,2025-01-28 12:59:12,2025-01-28T17:59:12Z,2025-01-28T20:41:44Z,PT2H42M46S,2025-01-29T09:06:57Z
Akn50CsRleI,Senate Ways and Means (01/29/2025),yes,Ways and Means,2025-01-29,yes,2025-01-29 08:59:16,2025-01-29T13:59:16Z,2025-01-29T15:43:42Z,PT1H44M15S,2025-01-30T03:49:45Z
DthH9pksEqU,Senate Executive Departments and Administration (01/28/2025),yes,Executive Departments and Administration,2025-01-28,yes,2025-01-29 08:59:31,2025-01-29T13:59:31Z,2025-01-29T15:59:12Z,PT1H59M51S,2025-01-30T04:08:47Z
GSawP0gjeeM,Senate Health and Human Services (01/29/2025),yes,Health and Human Services,2025-01-29,yes,2025-01-29 08:59:22,2025-01-29T13:59:22Z,2025-01-29T17:13:11Z,PT3H13M56S,2025-01-30T05:31:15Z
I8az-iwxxAw,Senate Children and Family Law (01/30/2025),yes,Children and Family Law,2025-01-30,yes,2025-01-30 09:58:56,2025-01-30T14:58:56Z,2025-01-30T15:44:39Z,PT45M51S,2025-01-31T03:59:06Z
68LseL6MUzM,Senate Session (01/30/2025),yes,Session,2025-01-30,yes,2025-01-30 12:59:02,2025-01-30T17:59:02Z,2025-01-30T20:21:30Z,PT2H22M36S,2025-01-31T08:53:58Z
o1JixQduMKE,Senate Children and Family Law (02/03/2025),yes,Children and Family Law,2025-02-03,yes,2025-02-03 09:59:36,2025-02-03T14:59:36Z,2025-02-03T17:11:01Z,PT2H11M41S,2025-02-04T05:34:04Z
g3ueYyeEizo,Senate Commerce (02/04/2025),yes,Commerce,2025-02-04,yes,2025-02-04 09:28:41,2025-02-04T14:28:41Z,2025-02-04T15:43:08Z,PT1H14M24S,2025-02-05T03:48:58Z
5zhoZ4k_UNY,Senate Education (02/04/2025),yes,Education,2025-02-04,yes,2025-02-04 08:59:16,2025-02-04T13:59:16Z,2025-02-04T15:53:24Z,PT1H54M21S,2025-02-05T04:12:14Z
H6GYyEIGWPM,Senate Election Law and Municipal Affairs (02/04/2025),yes,Election Law and Municipal Affairs,2025-02-04,yes,2025-02-04 08:59:11,2025-02-04T13:59:11Z,2025-02-04T16:01:45Z,PT2H2M41S,2025-02-05T04:22:42Z
0Yn2vPDdzcA,Senate Energy and Natural Resources (02/04/2025),yes,Energy and Natural Resources,2025-02-04,yes,2025-02-04 08:59:42,2025-02-04T13:59:42Z,2025-02-04T16:32:07Z,PT2H32M18S,2025-02-05T04:46:10Z
c2J1vPY99gg,Senate Judiciary (02/04/2025),yes,Judiciary,2025-02-04,yes,2025-02-04 12:59:06,2025-02-04T17:59:06Z,2025-02-04T19:43:40Z,PT1H44M43S,2025-02-05T08:03:44Z
nL87nX4_B-A,Senate Transportation (02/04/2025),yes,Transportation,2025-02-04,yes,2025-02-04 13:00:47,2025-02-04T18:00:47Z,2025-02-04T20:13:11Z,PT2H12M31S,2025-02-05T08:27:19Z
o32vW_DQtPo,Senate Finance (02/04/2025),yes,Finance,2025-02-04,yes,2025-02-04 13:14:06,2025-02-04T18:14:06Z,2025-02-04T20:31:10Z,PT2H17M10S,2025-02-05T09:03:05Z
RimtylXHI1Y,Senate Health and Human Services (02/05/2025),yes,Health and Human Services,2025-02-05,yes,2025-02-05 08:59:01,2025-02-05T13:59:01Z,2025-02-05T19:37:45Z,PT5H38M39S,2025-02-05T19:49:59Z
y2Kp47EWSzk,Senate Executive Departments and Administration (02/05/2025),yes,Executive Departments and Administration,2025-02-05,yes,2025-02-05 08:59:01,2025-02-05T13:59:01Z,2025-02-05T20:28:48Z,PT6H30M1S,2025-02-05T20:45:26Z
C1Qjmeb03rg,Senate Ways and Means (02/05/2025),yes,Ways and Means,2025-02-05,yes,2025-02-05 09:16:31,2025-02-05T14:16:31Z,2025-02-05T16:09:18Z,PT1H52M51S,2025-02-06T04:15:35Z
l_efo6vhvJI,Senate Commerce (02/06/2025),yes,Commerce,2025-02-06,yes,2025-02-06 09:29:16,2025-02-06T14:29:16Z,2025-02-06T14:48:49Z,PT19M41S,2025-02-07T02:51:56Z
av5v91ix58E,Senate Health and Human Services (02/06/2025),yes,Health and Human Services,2025-02-06,yes,2025-02-06 09:59:06,2025-02-06T14:59:06Z,2025-02-06T18:25:44Z,PT3H26M19S,2025-02-07T07:19:43Z
KDCzIW-3-fg,Senate Health and Human Services (02/10/2025),yes,Health and Human Services,2025-02-10,yes,2025-02-10 10:14:21,2025-02-10T15:14:21Z,2025-02-10T18:00:13Z,PT2H46M,2025-02-11T06:58:21Z
pp8S5jDzg7A,Senate Election Law and Municipal Affairs (02/11/2025),yes,Election Law and Municipal Affairs,2025-02-11,yes,2025-02-11 09:14:06,2025-02-11T14:14:06Z,2025-02-11T16:40:01Z,PT2H26M5S,2025-02-12T04:57:27Z
Y0gqFv_al2k,Senate Education (02/11/2025),yes,Education,2025-02-11,yes,2025-02-11 08:59:57,2025-02-11T13:59:57Z,2025-02-11T16:51:32Z,PT2H51M51S,2025-02-12T05:02:26Z
BB-Ei9_JLS8,Senate Energy and Natural Resources (02/11/2025),yes,Energy and Natural Resources,2025-02-11,yes,2025-02-11 08:59:26,2025-02-11T13:59:26Z,2025-02-11T16:53:16Z,PT2H54M6S,2025-02-12T05:10:01Z
cJHszZkmlX8,Senate Commerce (02/11/2025),yes,Commerce,2025-02-11,yes,2025-02-11 09:29:02,2025-02-11T14:29:02Z,2025-02-11T16:51:28Z,PT2H22M41S,2025-02-12T05:35:16Z
Q_RaGVHiP64,Senate Finance (02/11/2025),yes,Finance,2025-02-11,yes,2025-02-11 13:14:06,2025-02-11T18:14:06Z,2025-02-11T20:23:21Z,PT2H9M30S,2025-02-12T08:55:29Z
bkekXDyvPT8,Senate Judiciary (02/11/2025),yes,Judiciary,2025-02-11,yes,2025-02-11 12:59:11,2025-02-11T17:59:11Z,2025-02-11T20:49:43Z,PT2H50M41S,2025-02-12T09:11:22Z
o5_4PfRQFZc,Senate Transportation (02/11/2025),yes,Transportation,2025-02-11,yes,2025-02-11 12:57:36,2025-02-11T17:57:36Z,2025-02-11T20:03:05Z,PT2H5M30S,2025-02-12T09:12:39Z
9NqwGFjWX9M,Senate Ways and Means (02/12/2025),yes,Ways and Means,2025-02-12,yes,2025-02-12 09:14:56,2025-02-12T14:14:56Z,2025-02-12T16:09:28Z,PT1H54M45S,2025-02-13T04:20:20Z
-_Bx4AF3hdA,Senate Executive Departments and Administration (02/12/2025),yes,Executive Departments and Administration,2025-02-12,yes,2025-02-12 08:59:01,2025-02-12T13:59:01Z,2025-02-12T16:15:19Z,PT2H16M23S,2025-02-13T04:35:52Z
XzB3YiCi-II,Senate Health and Human Services (02/12/2025),yes,Health and Human Services,2025-02-12,yes,2025-02-12 08:59:06,2025-02-12T13:59:06Z,2025-02-12T17:51:55Z,PT3H53M1S,2025-02-13T06:34:00Z
HlaPWKxbCkg,Senate Education Finance (02/12/2025),yes,Education Finance,2025-02-12,yes,2025-02-12 14:58:21,2025-02-12T19:58:21Z,2025-02-12T22:38:11Z,PT2H39M56S,2025-02-13T11:07:30Z
dohkgw0B85w,Senate Judiciary (02/13/2025),yes,Judiciary,2025-02-13,yes,2025-02-13 14:14:26,2025-02-13T19:14:26Z,2025-02-13T23:27:38Z,PT4H13M14S,2025-02-13T23:46:30Z
X070rJPtF7Y,Senate Session (02/13/2025),yes,Session,2025-02-13,yes,2025-02-13 09:59:06,2025-02-13T14:59:06Z,2025-02-13T17:05:22Z,PT2H6M31S,2025-02-14T05:17:23Z
TgiacjbXQhI,Senate Rules and Enrolled Bills (02/18/2025),yes,Rules and Enrolled Bills,2025-02-18,yes,2025-02-18 08:28:56,2025-02-18T13:28:56Z,2025-02-18T13:38:11Z,PT9M25S,2025-02-18T13:40:27Z
itr6PlMSx9Q,Senate Education Exec Session (02/18/2025),yes,Education Exec Session,2025-02-18,yes,2025-02-18 11:43:46,2025-02-18T16:43:46Z,2025-02-18T16:55:26Z,PT11M36S,2025-02-18T16:57:39Z
mTdvKYnBbZI,Senate Election Law and Municipal Affairs (02/18/2025),yes,Election Law and Municipal Affairs,2025-02-18,yes,2025-02-18 09:15:56,2025-02-18T14:15:56Z,2025-02-18T16:04:16Z,PT1H48M21S,2025-02-19T04:11:45Z
Nes3WZZI6SU,Senate Commerce (02/18/2025),yes,Commerce,2025-02-18,yes,2025-02-18 09:27:56,2025-02-18T14:27:56Z,2025-02-18T16:12:04Z,PT1H44M21S,2025-02-19T04:22:39Z
tMK8y0578uo,Senate Education (02/18/2025),yes,Education,2025-02-18,yes,2025-02-18 08:58:31,2025-02-18T13:58:31Z,2025-02-18T16:41:07Z,PT2H42M40S,2025-02-19T04:54:43Z
mSvdWQMgdYE,Senate Energy and Natural Resources (02/18/2025),yes,Energy and Natural Resources,2025-02-18,yes,2025-02-18 08:58:57,2025-02-18T13:58:57Z,2025-02-18T16:54:58Z,PT2H56M16S,2025-02-19T05:10:06Z
CbtQ9gotyBw,Senate Finance (02/18/2025),yes,Finance,2025-02-18,yes,2025-02-18 13:29:02,2025-02-18T18:29:02Z,2025-02-18T19:19:19Z,PT50M26S,2025-02-19T07:26:25Z
a4fUce6_9EQ,Senate Transportation (02/18/2025),yes,Transportation,2025-02-18,yes,2025-02-18 13:28:41,2025-02-18T18:28:41Z,2025-02-18T19:38:31Z,PT1H10M6S,2025-02-19T07:55:53Z
PrqfDerymFc,Senate Judiciary (02/18/2025),yes,Judiciary,2025-02-18,yes,2025-02-18 12:58:31,2025-02-18T17:58:31Z,2025-02-18T21:34:36Z,PT3H36M16S,2025-02-19T09:53:22Z
JQ5okSk11DE,Senate Health and Human Services (02/18/2025),yes,Health and Human Services,2025-02-18,yes,2025-02-19 08:59:51,2025-02-19T13:59:51Z,2025-02-19T20:37:15Z,PT6H37M30S,2025-02-19T21:00:29Z
ivqg6dOUGJA,Senate Executive Departments and Administration (02/19/2025),yes,Executive Departments and Administration,2025-02-19,yes,2025-02-19 09:02:22,2025-02-19T14:02:22Z,2025-02-19T15:47:27Z,PT1H45M21S,2025-02-20T03:55:23Z
7kWgSQQrIhk,Senate Education Finance (02/19/2025),yes,Education Finance,2025-02-19,yes,2025-02-19 12:59:06,2025-02-19T17:59:06Z,2025-02-19T19:04:34Z,PT1H5M35S,2025-02-20T07:09:22Z
JAkY5kkBqmc,Senate Energy and Natural Resources (02/20/2025),yes,Energy and Natural Resources,2025-02-20,yes,2025-02-20 08:59:01,2025-02-20T13:59:01Z,2025-02-20T14:59:27Z,PT1H41S,2025-02-21T03:06:06Z
-Z_0fNz852M,Senate Children and Family Law (02/20/2025),yes,Children and Family Law,2025-02-20,yes,2025-02-20 09:29:01,2025-02-20T14:29:01Z,2025-02-20T15:53:07Z,PT1H24M20S,2025-02-21T04:01:29Z
9phymomEP5A,Senate Commerce (02/20/2025),yes,Commerce,2025-02-20,yes,2025-02-20 08:59:06,2025-02-20T13:59:06Z,2025-02-20T16:18:49Z,PT2H19M48S,2025-02-21T04:28:25Z
iUbvC3_XQyE,Senate Judiciary (02/20/2025),yes,Judiciary,2025-02-20,yes,2025-02-20 12:59:01,2025-02-20T17:59:01Z,2025-02-20T20:43:51Z,PT2H45M1S,2025-02-21T09:13:45Z
88uooHtG6hg,Senate Education (03/03/2025),yes,Education,2025-03-03,yes,2025-03-03 10:00:26,2025-03-03T15:00:26Z,2025-03-03T17:01:35Z,PT2H1M26S,2025-03-04T05:18:09Z
Sh75vEJHCzA,Senate Election Law and Municipal Affairs (03/04/2025),yes,Election Law and Municipal Affairs,2025-03-04,yes,2025-03-04 09:14:07,2025-03-04T14:14:07Z,2025-03-04T16:13:18Z,PT1H59M26S,2025-03-05T04:22:00Z
mqQSYKcZvy0,Senate Energy and Natural Resources (03/04/2025),yes,Energy and Natural Resources,2025-03-04,yes,2025-03-04 08:58:46,2025-03-04T13:58:46Z,2025-03-04T16:18:47Z,PT2H20M16S,2025-03-05T04:35:38Z
0Z9eYEyiGNM,Senate Commerce (03/04/2025),yes,Commerce,2025-03-04,yes,2025-03-04 09:28:01,2025-03-04T14:28:01Z,2025-03-04T16:56:21Z,PT2H28M16S,2025-03-05T05:06:30Z
DJG0bJg-F4A,Senate Education (03/04/2025),yes,Education,2025-03-04,yes,2025-03-04 08:58:46,2025-03-04T13:58:46Z,2025-03-04T16:58:12Z,PT2H59M33S,2025-03-05T05:25:30Z
-O-hzWkxeX8,Senate Transportation (03/04/2025),yes,Transportation,2025-03-04,yes,2025-03-04 13:29:16,2025-03-04T18:29:16Z,2025-03-04T19:00:17Z,PT31M16S,2025-03-05T07:03:36Z
2oN7obi1qfE,Senate Judiciary (03/04/2025),yes,Judiciary,2025-03-04,yes,2025-03-04 12:57:01,2025-03-04T17:57:01Z,2025-03-04T19:51:52Z,PT1H50M42S,2025-03-05T08:01:00Z
86YPnsVOBxs,Senate Finance (03/04/2025),yes,Finance,2025-03-04,yes,2025-03-04 12:58:42,2025-03-04T17:58:42Z,2025-03-04T20:57:21Z,PT2H54M5S,2025-03-05T09:09:41Z
EmPFD52xASg,Senate Ways and Means (03/05/2025),yes,Ways and Means,2025-03-05,yes,2025-03-05 09:29:01,2025-03-05T14:29:01Z,2025-03-05T15:07:42Z,PT38M40S,2025-03-06T03:13:10Z
xAfGuKT9xEk,Senate Executive Departments and Administration (03/05/2025),yes,Executive Departments and Administration,2025-03-05,yes,2025-03-05 08:58:41,2025-03-05T13:58:41Z,2025-03-05T15:36:46Z,PT1H38M11S,2025-03-06T03:46:22Z
iaiOmuVDUDw,Senate Health and Human Services (03/05/2025),yes,Health and Human Services,2025-03-05,yes,2025-03-05 08:59:26,2025-03-05T13:59:26Z,2025-03-05T15:35:56Z,PT1H36M31S,2025-03-06T03:46:43Z
QKlzRZztrtA,Senate Education Finance (03/05/2025),yes,Education Finance,2025-03-05,yes,2025-03-05 12:29:56,2025-03-05T17:29:56Z,2025-03-05T18:16:04Z,PT46M15S,2025-03-06T06:20:52Z
5a1rrU9MYcU,Senate Session (03/06/2025),yes,Session,2025-03-06,yes,2025-03-06 09:58:51,2025-03-06T14:58:51Z,2025-03-06T20:34:34Z,PT5H35M22S,2025-03-06T20:53:10Z
f0wzERaolAw,Senate Commerce (03/07/2025),yes,Commerce,2025-03-07,yes,2025-03-07 13:27:41,2025-03-07T18:27:41Z,2025-03-07T19:09:39Z,PT42M6S,2025-03-08T07:13:49Z
ZfbEnZ_9FM0,Senate Energy and Natural Resources (03/11/2025),yes,Energy and Natural Resources,2025-03-11,yes,2025-03-11 08:58:51,2025-03-11T12:58:51Z,2025-03-11T13:39:32Z,PT40M55S,2025-03-12T01:48:09Z
de76vfHRvhA,Senate Election Law and Municipal Affairs (03/11/2025),yes,Election Law and Municipal Affairs,2025-03-11,yes,2025-03-11 09:28:52,2025-03-11T13:28:52Z,2025-03-11T14:32:14Z,PT1H3M30S,2025-03-12T02:35:48Z
ZIt9GdvLoA0,Senate Commerce (03/11/2025),yes,Commerce,2025-03-11,yes,2025-03-11 09:58:06,2025-03-11T13:58:06Z,2025-03-11T15:57:47Z,PT1H59M56S,2025-03-12T04:08:42Z
n3XbdUaHfIc,Senate Judiciary (03/11/2025),yes,Judiciary,2025-03-11,yes,2025-03-11 12:59:36,2025-03-11T16:59:36Z,2025-03-11T18:54:33Z,PT1H55M11S,2025-03-12T07:04:15Z
MgIYC7r1MWg,Senate Finance (03/11/2025),yes,Finance,2025-03-11,yes,2025-03-11 13:28:51,2025-03-11T17:28:51Z,2025-03-11T20:20:10Z,PT2H51M27S,2025-03-12T09:35:37Z
Fy__MNurFG8,Senate Health and Human Services (03/12/2025),yes,Health and Human Services,2025-03-12,yes,2025-03-12 09:43:41,2025-03-12T13:43:41Z,2025-03-12T14:54:12Z,PT1H10M36S,2025-03-13T02:58:52Z
faCfTDUqJ-0,Senate Session (03/13/2025),yes,Session,2025-03-13,yes,2025-03-13 12:58:46,2025-03-13T16:58:46Z,2025-03-13T20:34:43Z,PT3H35M43S,2025-03-14T10:02:06Z
O6EUwLDy-f4,Senate Election Law and Municipal Affairs (03/18/2025),yes,Election Law and Municipal Affairs,2025-03-18,yes,2025-03-18 09:28:47,2025-03-18T13:28:47Z,2025-03-18T14:31:23Z,PT1H2M50S,2025-03-19T02:37:29Z
2EgDFQrngvU,Senate Energy and Natural Resources (03/18/2025),yes,Energy and Natural Resources,2025-03-18,yes,2025-03-18 08:58:51,2025-03-18T12:58:51Z,2025-03-18T15:02:52Z,PT2H4M11S,2025-03-19T03:17:00Z
R7AhORmgwaI,Senate Education (03/18/2025),yes,Education,2025-03-18,yes,2025-03-18 08:57:26,2025-03-18T12:57:26Z,2025-03-18T15:30:42Z,PT2H33M25S,2025-03-19T03:41:24Z
lCy0UBr9tsc,Senate Judiciary (03/18/2025),yes,Judiciary,2025-03-18,yes,2025-03-18 12:56:56,2025-03-18T16:56:56Z,2025-03-18T19:07:53Z,PT2H11M11S,2025-03-19T07:56:34Z
BmemDWV61dk,Senate Finance (03/18/2025),yes,Finance,2025-03-18,yes,2025-03-18 13:28:46,2025-03-18T17:28:46Z,2025-03-18T19:46:12Z,PT2H17M24S,2025-03-19T08:01:30Z
QsOQ3cZZiqc,Senate Ways and Means (03/19/2025),yes,Ways and Means,2025-03-19,yes,2025-03-19 09:27:56,2025-03-19T13:27:56Z,2025-03-19T14:00:21Z,PT32M25S,2025-03-20T02:07:54Z
cupB3HHffao,Senate Health and Human Services (03/19/2025),yes,Health and Human Services,2025-03-19,yes,2025-03-19 08:58:51,2025-03-19T12:58:51Z,2025-03-19T14:28:19Z,PT1H29M41S,2025-03-20T02:34:55Z
YRIQ2YFtCrk,Senate Executive Departments and Administration (03/19/2025),yes,Executive Departments and Administration,2025-03-19,yes,2025-03-19 08:58:51,2025-03-19T12:58:51Z,2025-03-19T15:50:35Z,PT2H51M51S,2025-03-20T04:08:50Z
XNOKd1PUE0c,Senate Session (03/20/2025),yes,Session,2025-03-20,yes,2025-03-20 09:58:51,2025-03-20T13:58:51Z,2025-03-20T16:42:57Z,PT2H44M21S,2025-03-21T05:06:58Z
ai_V4zJMKWY,Senate Energy and Natural Resources (03/25/2025),yes,Energy and Natural Resources,2025-03-25,yes,2025-03-25 08:58:36,2025-03-25T12:58:36Z,2025-03-25T14:18:06Z,PT1H19M40S,2025-03-26T02:23:25Z
TaXZ6RssUl0,Senate Election Law and Municipal Affairs (03/25/2025),yes,Election Law and Municipal Affairs,2025-03-25,yes,2025-03-25 09:13:57,2025-03-25T13:13:57Z,2025-03-25T14:29:34Z,PT1H15M51S,2025-03-26T02:39:39Z
rPk2KohSS1U,Senate Education (03/25/2025),yes,Education,2025-03-25,yes,2025-03-25 08:57:16,2025-03-25T12:57:16Z,2025-03-25T14:40:13Z,PT1H43M11S,2025-03-26T02:54:29Z
GFCSDl2MVMs,Senate Commerce (03/25/2025),yes,Commerce,2025-03-25,yes,2025-03-25 09:28:51,2025-03-25T13:28:51Z,2025-03-25T15:55:07Z,PT2H26M31S,2025-03-26T04:07:07Z
r82r4grpVq8,Senate Transportation (03/25/2025),yes,Transportation,2025-03-25,yes,2025-03-25 12:58:37,2025-03-25T16:58:37Z,2025-03-25T18:59:06Z,PT2H45S,2025-03-26T07:08:35Z
RYF3CWmSjjk,Senate Judiciary (03/25/2025),yes,Judiciary,2025-03-25,yes,2025-03-25 12:58:46,2025-03-25T16:58:46Z,2025-03-25T19:18:55Z,PT2H20M20S,2025-03-26T07:59:08Z
bGKk06jcp0E,Senate Health and Human Services (03/26/2025),yes,Health and Human Services,2025-03-26,yes,2025-03-26 09:43:51,2025-03-26T13:43:51Z,2025-03-26T15:05:46Z,PT1H22M10S,2025-03-27T03:13:03Z
43UUCm5bNAY,Senate Executive Departments and Administration (03/26/2025),yes,Executive Departments and Administration,2025-03-26,yes,2025-03-26 08:58:51,2025-03-26T12:58:51Z,2025-03-26T15:08:58Z,PT2H10M16S,2025-03-27T03:27:40Z
r52dSP5guLk,Senate Session (03/27/2025),yes,Session,2025-03-27,yes,2025-03-27 09:58:41,2025-03-27T13:58:41Z,2025-03-27T19:25:35Z,PT5H26M33S,2025-03-27T19:48:56Z
qaqZ62mOiTs,Senate Commerce (04/01/2025),yes,Commerce,2025-04-01,yes,2025-04-01 09:30:11,2025-04-01T13:30:11Z,2025-04-01T16:14:04Z,PT2H44M1S,2025-04-02T04:32:37Z
LQY7CWriP4g,Senate Education (04/01/2025),yes,Education,2025-04-01,yes,2025-04-01 08:58:51,2025-04-01T12:58:51Z,2025-04-01T16:28:35Z,PT3H29M48S,2025-04-02T05:13:22Z
-TaDt47-Lyo,Senate Election Law and Municipal Affairs (04/01/2025),yes,Election Law and Municipal Affairs,2025-04-01,yes,2025-04-01 09:14:47,2025-04-01T13:14:47Z,2025-04-01T14:19:51Z,PT1H5M36S,2025-04-02T05:26:19Z
BwDDeQS9sTM,Senate Finance (04/01/2025),yes,Finance,2025-04-01,yes,2025-04-01 13:13:41,2025-04-01T17:13:41Z,2025-04-01T17:55:27Z,PT41M51S,2025-04-02T06:00:12Z
hLY2Vpx2b-Y,Senate Energy and Natural Resources (04/01/2025),yes,Energy and Natural Resources,2025-04-01,yes,2025-04-01 08:58:47,2025-04-01T12:58:47Z,2025-04-01T15:05:47Z,PT2H7M6S,2025-04-02T06:53:49Z
F4rhykzrpU4,Senate Judiciary (04/01/2025),yes,Judiciary,2025-04-01,yes,2025-04-01 12:58:11,2025-04-01T16:58:11Z,2025-04-01T19:34:44Z,PT2H36M43S,2025-04-02T07:51:37Z
Pz9KxqJ8-sw,Senate Executive Departments and Administration (04/02/2025),yes,Executive Departments and Administration,2025-04-02,yes,2025-04-02 08:57:46,2025-04-02T12:57:46Z,2025-04-02T14:50:24Z,PT1H52M46S,2025-04-03T02:56:26Z
CYgfqAQb1UA,Senate Ways and Means (04/02/2025),yes,Ways and Means,2025-04-02,yes,2025-04-02 09:28:46,2025-04-02T13:28:46Z,2025-04-02T15:29:13Z,PT2H31S,2025-04-03T03:52:36Z
GIMOLYmGZzU,Senate Health and Human Services (04/02/2025),yes,Health and Human Services,2025-04-02,yes,2025-04-02 09:43:46,2025-04-02T13:43:46Z,2025-04-02T16:13:41Z,PT2H27M31S,2025-04-03T04:39:23Z
qYahh4OdmpI,Senate Education (04/02/2025),yes,Education,2025-04-02,yes,2025-04-02 12:58:07,2025-04-02T16:58:07Z,2025-04-02T18:45:14Z,PT1H47M20S,2025-04-03T06:55:08Z
wcvrBN1nG8Y,Senate Energy and Natural Resources (04/03/2025),yes,Energy and Natural Resources,2025-04-03,yes,2025-04-03 08:57:27,2025-04-03T12:57:27Z,2025-04-03T14:50:57Z,PT1H53M45S,2025-04-04T02:57:15Z
FCZIFl8OFUc,Senate Judiciary (04/03/2025),yes,Judiciary,2025-04-03,yes,2025-04-03 12:58:11,2025-04-03T16:58:11Z,2025-04-03T18:13:03Z,PT1H14M55S,2025-04-04T06:29:05Z
TwwqHp6LJdU,Senate Children and Family Law (04/03/2025),yes,Children and Family Law,2025-04-03,yes,2025-04-03 09:28:51,2025-04-03T13:28:51Z,2025-04-03T17:24:10Z,PT3H55M36S,2025-04-04T06:33:56Z
moZVrlZlKhk,Senate Energy and Natural Resources (04/08/2025),yes,Energy and Natural Resources,2025-04-08,yes,2025-04-08 08:59:37,2025-04-08T12:59:37Z,2025-04-08T14:23:13Z,PT1H23M50S,2025-04-09T02:38:12Z
d6eq_ZybJe8,Senate Election Law and Municipal Affairs (04/08/2025),yes,Election Law and Municipal Affairs,2025-04-08,yes,2025-04-08 09:13:51,2025-04-08T13:13:51Z,2025-04-08T14:59:42Z,PT1H46M6S,2025-04-09T03:13:33Z
0R2OhSsl1-c,Senate Education (04/08/2025),yes,Education,2025-04-08,yes,2025-04-08 09:13:52,2025-04-08T13:13:52Z,2025-04-08T15:06:03Z,PT1H52M26S,2025-04-09T03:42:21Z
w07QJ6pluxU,Senate Commerce (04/08/2025),yes,Commerce,2025-04-08,yes,2025-04-08 09:28:56,2025-04-08T13:28:56Z,2025-04-08T15:45:31Z,PT2H16M35S,2025-04-09T04:07:30Z
nmQ3hUQurrs,Senate Finance (04/08/2025),yes,Finance,2025-04-08,yes,2025-04-08 13:13:46,2025-04-08T17:13:46Z,2025-04-08T18:12:58Z,PT59M14S,2025-04-09T06:22:29Z
b0u4yp3gQH0,Senate Judiciary (04/08/2025),yes,Judiciary,2025-04-08,yes,2025-04-08 12:58:16,2025-04-08T16:58:16Z,2025-04-08T19:23:20Z,PT2H25M11S,2025-04-09T07:45:03Z
AcPl2C5p6U0,Senate Transportation (04/08/2025),yes,Transportation,2025-04-08,yes,2025-04-08 12:58:21,2025-04-08T16:58:21Z,2025-04-08T20:41:52Z,PT3H43M27S,2025-04-09T09:15:36Z
se-LqlASoxc,Senate Executive Departments and Administration (04/09/2025),yes,Executive Departments and Administration,2025-04-09,yes,2025-04-09 08:58:51,2025-04-09T12:58:51Z,2025-04-09T18:34:40Z,PT5H35M43S,2025-04-09T18:51:08Z
kFDYt-GJYEw,Senate Health and Human Services (04/09/2025),yes,Health and Human Services,2025-04-09,yes,2025-04-09 09:43:37,2025-04-09T13:43:37Z,2025-04-09T19:11:11Z,PT5H27M42S,2025-04-09T19:28:56Z
9z6BpdPmlW0,Senate Energy and Natural Resources (04/10/2025),yes,Energy and Natural Resources,2025-04-10,yes,2025-04-10 08:57:31,2025-04-10T12:57:31Z,2025-04-10T14:11:26Z,PT1H14M11S,2025-04-11T02:17:18Z
vWYWBC-fIJY,Senate Commerce (04/10/2025),yes,Commerce,2025-04-10,yes,2025-04-10 09:28:46,2025-04-10T13:28:46Z,2025-04-10T15:15:13Z,PT1H46M30S,2025-04-11T03:34:02Z
FAT83Q7FwOw,Senate Education (04/10/2025),yes,Education,2025-04-10,yes,2025-04-10 09:14:01,2025-04-10T13:14:01Z,2025-04-10T16:24:14Z,PT3H10M26S,2025-04-11T04:53:55Z
6ew3rAwV7Ik,Senate Judiciary (04/10/2025),yes,Judiciary,2025-04-10,yes,2025-04-10 12:58:51,2025-04-10T16:58:51Z,2025-04-10T18:41:28Z,PT1H42M45S,2025-04-11T06:58:06Z
A-RJeko6-rU,Senate Finance (04/14/2025),yes,Finance,2025-04-14,yes,2025-04-14 12:58:46,2025-04-14T16:58:46Z,2025-04-14T20:23:45Z,PT3H24M51S,2025-04-15T09:10:33Z
JgXyPqjd9BA,Senate Commerce (04/15/2025),yes,Commerce,2025-04-15,yes,2025-04-15 09:30:11,2025-04-15T13:30:11Z,2025-04-15T15:14:24Z,PT1H44M26S,2025-04-16T03:21:15Z
y2cfMjLArVk,Senate Education (04/15/2025),yes,Education,2025-04-15,yes,2025-04-15 09:14:21,2025-04-15T13:14:21Z,2025-04-15T15:18:27Z,PT2H4M11S,2025-04-16T03:25:03Z
UzHKwOvF6N8,Senate Election Law and Municipal Affairs (04/15/2025),yes,Election Law and Municipal Affairs,2025-04-15,yes,2025-04-15 09:14:21,2025-04-15T13:14:21Z,2025-04-15T15:03:32Z,PT1H49M15S,2025-04-16T03:43:18Z
Or6399_V404,Senate Energy and Natural Resources (04/15/2025),yes,Energy and Natural Resources,2025-04-15,yes,2025-04-15 08:59:05,2025-04-15T12:59:05Z,2025-04-15T15:42:56Z,PT2H44M16S,2025-04-16T03:55:06Z
kyj444tCFdo,Senate Finance (04/15/2025),yes,Finance,2025-04-15,yes,2025-04-15 12:58:47,2025-04-15T16:58:47Z,2025-04-15T18:56:43Z,PT1H58M11S,2025-04-16T07:46:19Z
RX5vEquMR3k,Senate Judiciary (04/15/2025),yes,Judiciary,2025-04-15,yes,2025-04-15 12:55:46,2025-04-15T16:55:46Z,2025-04-15T20:24:21Z,PT3H28M31S,2025-04-16T09:02:07Z
rdonr2K8YM4,Senate Ways and Means (04/16/2025),yes,Ways and Means,2025-04-16,yes,2025-04-16 08:57:36,2025-04-16T12:57:36Z,2025-04-16T14:53:11Z,PT1H55M46S,2025-04-17T02:59:13Z
eiykxP91P6g,Senate Executive Departments and Administration (04/16/2025),yes,Executive Departments and Administration,2025-04-16,yes,2025-04-16 08:57:47,2025-04-16T12:57:47Z,2025-04-16T15:21:10Z,PT2H23M31S,2025-04-17T03:48:05Z
fuE1-5mKx9A,Senate Health and Human Services (04/16/2025),yes,Health and Human Services,2025-04-16,yes,2025-04-16 09:39:51,2025-04-16T13:39:51Z,2025-04-16T16:27:19Z,PT2H47M31S,2025-04-17T05:08:07Z
yxPi5e0eL8w,Senate Session (04/17/2025),yes,Session,2025-04-17,yes,2025-04-17 09:58:42,2025-04-17T13:58:42Z,2025-04-17T15:18:00Z,PT1H19M31S,2025-04-18T03:21:59Z
x9V72-IoMjA,Senate Education Finance (04/17/2025),yes,Education Finance,2025-04-17,yes,2025-04-17 12:59:01,2025-04-17T16:59:01Z,2025-04-17T18:08:36Z,PT1H9M51S,2025-04-18T06:22:17Z
YX5sZzt8LCE,Senate Judiciary (04/17/2025),yes,Judiciary,2025-04-17,yes,2025-04-17 12:58:51,2025-04-17T16:58:51Z,2025-04-17T18:54:37Z,PT1H56M1S,2025-04-18T07:23:43Z
WWmT0nD9JTA,Senate Finance (04/18/2025),yes,Finance,2025-04-18,yes,2025-04-18 13:28:22,2025-04-18T17:28:22Z,2025-04-18T19:37:42Z,PT2H9M31S,2025-04-19T08:06:01Z
hrJGe-WwpCU,Senate Finance (04/21/2025),yes,Finance,2025-04-21,yes,2025-04-21 12:58:21,2025-04-21T16:58:21Z,2025-04-21T20:51:41Z,PT3H53M31S,2025-04-22T09:08:49Z
wepO8S8UCYQ,Senate Energy and Natural Resources (04/22/2025),yes,Energy and Natural Resources,2025-04-22,yes,2025-04-22 08:58:56,2025-04-22T12:58:56Z,2025-04-22T14:53:04Z,PT1H54M21S,2025-04-23T03:03:16Z
vFSd90knR4k,Senate Election Law and Municipal Affairs (04/22/2025),yes,Election Law and Municipal Affairs,2025-04-22,yes,2025-04-22 09:14:11,2025-04-22T13:14:11Z,2025-04-22T15:28:12Z,PT2H14M16S,2025-04-23T03:41:14Z
oY_ARMy1DZI,Senate Education (04/22/2025),yes,Education,2025-04-22,yes,2025-04-22 08:56:56,2025-04-22T12:56:56Z,2025-04-22T16:24:58Z,PT3H27M49S,2025-04-23T04:36:34Z
fyKh0KgPgu8,Senate Finance (04/22/2025),yes,Finance,2025-04-22,yes,2025-04-22 12:52:41,2025-04-22T16:52:41Z,2025-04-22T19:14:43Z,PT2H22M9S,2025-04-23T07:29:44Z
d6vIYLaX2ic,Senate Judiciary (04/22/2025),yes,Judiciary,2025-04-22,yes,2025-04-22 12:59:47,2025-04-22T16:59:47Z,2025-04-22T20:30:08Z,PT3H30M35S,2025-04-23T08:56:44Z
dLC6aq5i92w,Senate Health and Human Services (04/23/2025),yes,Health and Human Services,2025-04-23,yes,2025-04-23 08:58:41,2025-04-23T12:58:41Z,2025-04-23T19:39:29Z,PT6H40M47S,2025-04-23T20:04:55Z
5yXyQ7ytANQ,Senate Ways and Means (04/23/2025),yes,Ways and Means,2025-04-23,yes,2025-04-23 09:28:21,2025-04-23T13:28:21Z,2025-04-23T15:03:57Z,PT1H35M40S,2025-04-24T03:22:49Z
zMxmWtRIMt4,Senate Executive Departments and Administration (04/23/2025),yes,Executive Departments and Administration,2025-04-23,yes,2025-04-23 08:56:56,2025-04-23T12:56:56Z,2025-04-23T15:07:17Z,PT2H10M34S,2025-04-24T03:25:03Z
OBmpMcg4Fp8,Senate Education (04/23/2025),yes,Education,2025-04-23,yes,2025-04-23 12:55:26,2025-04-23T16:55:26Z,2025-04-23T18:28:59Z,PT1H33M40S,2025-04-24T06:39:16Z
TINExL5xdaQ,Senate Capital Budget (04/24/2025),yes,Capital Budget,2025-04-24,yes,2025-04-24 08:58:26,2025-04-24T12:58:26Z,2025-04-24T13:49:25Z,PT51M16S,2025-04-25T01:58:54Z
dpQhHWtUzkw,Senate Children and Family Law (04/24/2025),yes,Children and Family Law,2025-04-24,yes,2025-04-24 09:28:51,2025-04-24T13:28:51Z,2025-04-24T16:51:25Z,PT3H22M32S,2025-04-25T05:16:03Z
LLh7dL2tmGI,Senate Health and Human Services (04/24/2025),yes,Health and Human Services,2025-04-24,yes,2025-04-24 12:58:06,2025-04-24T16:58:06Z,2025-04-24T17:41:02Z,PT43M11S,2025-04-25T05:46:08Z
Mqq4_6eTaaw,Senate Commerce (04/24/2025),yes,Commerce,2025-04-24,yes,2025-04-24 12:58:06,2025-04-24T16:58:06Z,2025-04-24T17:43:51Z,PT46M1S,2025-04-25T05:58:03Z
q_bCtfP__Ls,Senate Judiciary (04/24/2025),yes,Judiciary,2025-04-24,yes,2025-04-24 12:58:01,2025-04-24T16:58:01Z,2025-04-24T20:06:54Z,PT3H9M6S,2025-04-25T09:00:40Z
XHriBLQ3nQI,Senate Capital Budget (04/25/2025),yes,Capital Budget,2025-04-25,yes,2025-04-25 08:57:41,2025-04-25T12:57:41Z,2025-04-25T15:01:31Z,PT2H3M20S,2025-04-26T03:45:07Z
COxkJdibUCU,Senate Finance (04/25/2025),yes,Finance,2025-04-25,yes,2025-04-25 12:58:51,2025-04-25T16:58:51Z,2025-04-25T19:45:47Z,PT2H47M11S,2025-04-26T08:03:58Z
BxOaGEXDzQo,Senate Capital Budget (04/28/2025),yes,Capital Budget,2025-04-28,yes,2025-04-28 08:58:51,2025-04-28T12:58:51Z,2025-04-28T14:49:34Z,PT1H50M56S,2025-04-29T03:16:34Z
wnpVyUOKMtw,Senate Finance (04/28/2025),yes,Finance,2025-04-28,yes,2025-04-28 12:58:46,2025-04-28T16:58:46Z,2025-04-28T20:40:26Z,PT3H41M51S,2025-04-29T09:03:11Z
C9Ssi-wL7Eo,Senate Energy and Natural Resources (04/29/2025),yes,Energy and Natural Resources,2025-04-29,yes,2025-04-29 08:58:36,2025-04-29T12:58:36Z,2025-04-29T14:05:16Z,PT1H6M46S,2025-04-30T02:09:56Z
Df2VBCQ_DE8,Senate Election Law and Municipal Affairs (04/29/2025),yes,Election Law and Municipal Affairs,2025-04-29,yes,2025-04-29 09:13:41,2025-04-29T13:13:41Z,2025-04-29T14:50:14Z,PT1H36M28S,2025-04-30T02:58:30Z
qa8nT7C_YEk,Senate Commerce (04/29/2025),yes,Commerce,2025-04-29,yes,2025-04-29 09:30:01,2025-04-29T13:30:01Z,2025-04-29T15:58:15Z,PT2H28M11S,2025-04-30T04:22:15Z
sIQyuPmZ6WU,Senate Education (04/29/2025),yes,Education,2025-04-29,yes,2025-04-29 09:13:41,2025-04-29T13:13:41Z,2025-04-29T15:48:25Z,PT2H34M45S,2025-04-30T04:22:28Z
abhZvzM7c_4,Senate Judiciary (04/29/2025),yes,Judiciary,2025-04-29,yes,2025-04-29 12:58:46,2025-04-29T16:58:46Z,2025-04-29T19:41:09Z,PT2H42M26S,2025-04-30T07:52:14Z
-VP8-UF30ic,Senate Finance (04/29/2025),yes,Finance,2025-04-29,yes,2025-04-29 12:58:46,2025-04-29T16:58:46Z,2025-04-29T19:39:35Z,PT2H41M1S,2025-04-30T08:16:25Z
labp70yJxxA,Senate Ways and Means (04/30/2025),yes,Ways and Means,2025-04-30,yes,2025-04-30 08:57:16,2025-04-30T12:57:16Z,2025-04-30T15:21:09Z,PT2H24M6S,2025-05-01T03:33:18Z
jyu4vhnUDto,Senate Session (05/01/2025),yes,Session,2025-05-01,yes,2025-05-01 09:58:41,2025-05-01T13:58:41Z,2025-05-01T15:59:12Z,PT2H41S,2025-05-02T04:13:04Z
F-cvYCH9Pd0,Senate Education Finance (05/01/2025),yes,Education Finance,2025-05-01,yes,2025-05-01 13:58:46,2025-05-01T17:58:46Z,2025-05-01T18:48:13Z,PT49M35S,2025-05-02T06:53:08Z
uYifaQ1r5Ps,Senate Judiciary (05/06/2025),yes,Judiciary,2025-05-06,yes,2025-05-06 12:58:56,2025-05-06T16:58:56Z,2025-05-06T21:27:40Z,PT4H28M51S,2025-05-06T21:38:49Z
9JYUH8vqVg8,Senate Election Law and Municipal Affairs (05/06/2025),yes,Election Law and Municipal Affairs,2025-05-06,yes,2025-05-06 09:13:46,2025-05-06T13:13:46Z,2025-05-06T15:04:46Z,PT1H51M16S,2025-05-07T03:27:24Z
NJQzsAIslDI,Senate Finance (05/06/2025),yes,Finance,2025-05-06,yes,2025-05-06 12:59:07,2025-05-06T16:59:07Z,2025-05-07T03:15:03Z,PT10H14M21S,2025-05-07T03:44:34Z
xAs2z0MJz1Y,Senate Energy and Natural Resources (05/06/2025),yes,Energy and Natural Resources,2025-05-06,yes,2025-05-06 08:58:46,2025-05-06T12:58:46Z,2025-05-06T15:58:34Z,PT3H5S,2025-05-07T04:14:16Z
5ijLSYYLPBo,Senate Commerce (05/06/2025),yes,Commerce,2025-05-06,yes,2025-05-06 09:28:46,2025-05-06T13:28:46Z,2025-05-06T15:57:17Z,PT2H28M46S,2025-05-07T04:23:52Z
E6-PExEdDx8,Senate Education (05/06/2025),yes,Education,2025-05-06,yes,2025-05-06 09:13:46,2025-05-06T13:13:46Z,2025-05-06T16:25:02Z,PT3H11M31S,2025-05-07T04:49:27Z
rZ8QFMhqSXY,Senate Transportation (05/06/2025),yes,Transportation,2025-05-06,yes,2025-05-06 12:58:56,2025-05-06T16:58:56Z,2025-05-06T17:50:54Z,PT52M11S,2025-05-07T05:56:04Z
jrCr4lDUHzw,Senate Executive Departments and Administration (05/07/2025),yes,Executive Departments and Administration,2025-05-07,yes,2025-05-07 08:58:16,2025-05-07T12:58:16Z,2025-05-07T14:09:43Z,PT1H11M41S,2025-05-08T02:15:15Z
-LJTC9qeQ5k,Senate Ways and Means (05/07/2025),yes,Ways and Means,2025-05-07,yes,2025-05-07 09:28:46,2025-05-07T13:28:46Z,2025-05-07T14:42:31Z,PT1H14M1S,2025-05-08T02:49:08Z
1jKR4ewfQ7I,Senate Health and Human Services (05/07/2025),yes,Health and Human Services,2025-05-07,yes,2025-05-07 09:43:56,2025-05-07T13:43:56Z,2025-05-07T15:03:06Z,PT1H19M21S,2025-05-08T03:16:57Z
9Mv01Z_AsjU,Senate Session (05/08/2025),yes,Session,2025-05-08,yes,2025-05-08 09:58:51,2025-05-08T13:58:51Z,2025-05-08T16:19:52Z,PT2H21M11S,2025-05-09T04:53:58Z
yHVNodc2KZg,Senate Capital Budget (05/08/2025),yes,Capital Budget,2025-05-08,yes,2025-05-08 13:58:51,2025-05-08T17:58:51Z,2025-05-08T18:24:27Z,PT25M51S,2025-05-09T06:26:54Z
HZ0Cnf3EWdg,Senate Children and Family Law (05/08/2025),yes,Children and Family Law,2025-05-08,yes,2025-05-08 13:58:41,2025-05-08T17:58:41Z,2025-05-08T19:46:04Z,PT1H47M36S,2025-05-09T07:53:52Z
fDeSKRZCaoY,Senate Finance (05/09/2025),yes,Finance,2025-05-09,yes,2025-05-09 12:58:36,2025-05-09T16:58:36Z,2025-05-09T18:21:37Z,PT1H23M11S,2025-05-10T06:28:49Z
4oEeQQ8Wots,Senate Finance (05/12/2025),yes,Finance,2025-05-12,yes,2025-05-12 12:58:52,2025-05-12T16:58:52Z,2025-05-12T17:50:10Z,PT51M30S,2025-05-13T05:56:30Z
sIZbqWKkOxQ,Senate Energy and Natural Resources (05/13/2025),yes,Energy and Natural Resources,2025-05-13,yes,2025-05-13 08:58:56,2025-05-13T12:58:56Z,2025-05-13T13:45:21Z,PT46M36S,2025-05-14T01:50:41Z
p1Rfa4AZSHc,Senate Election Law and Municipal Affairs (05/13/2025),yes,Election Law and Municipal Affairs,2025-05-13,yes,2025-05-13 09:13:32,2025-05-13T13:13:32Z,2025-05-13T14:37:03Z,PT1H23M27S,2025-05-14T03:02:16Z
VOfOAu8vUgM,Senate Education (05/13/2025),yes,Education,2025-05-13,yes,2025-05-13 09:13:51,2025-05-13T13:13:51Z,2025-05-13T15:45:17Z,PT2H31M41S,2025-05-14T03:58:56Z
7ip2aHhhRQc,Senate Commerce (05/13/2025),yes,Commerce,2025-05-13,yes,2025-05-13 09:27:31,2025-05-13T13:27:31Z,2025-05-13T15:46:43Z,PT2H19M19S,2025-05-14T03:59:52Z
eDH6OSQIb1c,Senate Finance (05/13/2025),yes,Finance,2025-05-13,yes,2025-05-13 12:58:46,2025-05-13T16:58:46Z,2025-05-13T18:16:21Z,PT1H17M50S,2025-05-14T06:23:11Z
XbOTul2EeOo,Senate Judiciary (05/13/2025),yes,Judiciary,2025-05-13,yes,2025-05-13 12:57:31,2025-05-13T16:57:31Z,2025-05-13T18:48:58Z,PT1H51M39S,2025-05-14T07:05:00Z
9OkjR4DvQto,Senate Session (05/15/2025),yes,Session,2025-05-15,yes,2025-05-15 09:58:51,2025-05-15T13:58:51Z,2025-05-15T19:09:38Z,PT5H10M42S,2025-05-15T19:20:50Z
RvXKj6TiV94,Senate Judiciary (05/15/2025),yes,Judiciary,2025-05-15,yes,2025-05-15 15:28:01,2025-05-15T19:28:01Z,2025-05-15T21:10:53Z,PT1H42M51S,2025-05-16T09:21:06Z
_nZfXJES12Y,Senate Finance (05/16/2025),yes,Finance,2025-05-16,yes,2025-05-16 13:28:41,2025-05-16T17:28:41Z,2025-05-16T18:58:57Z,PT1H30M26S,2025-05-17T07:09:35Z
55qvUay-27E,Senate Finance (05/19/2025),yes,Finance,2025-05-19,yes,2025-05-19 13:29:01,2025-05-19T17:29:01Z,2025-05-19T18:20:29Z,PT51M40S,2025-05-20T06:26:42Z
5dN6eT9noc8,Senate Judiciary (05/20/2025),yes,Judiciary,2025-05-20,yes,2025-05-20 12:58:51,2025-05-20T16:58:51Z,2025-05-20T18:17:34Z,PT1H16M40S,2025-05-21T06:23:43Z
vL-WesL40eg,Senate Finance (05/20/2025),yes,Finance,2025-05-20,yes,2025-05-20 13:28:46,2025-05-20T17:28:46Z,2025-05-20T18:25:34Z,PT55M16S,2025-05-21T06:29:50Z
HsSd9fr2ZH8,Senate Ways and Means (05/21/2025),yes,Ways and Means,2025-05-21,yes,2025-05-21 08:58:51,2025-05-21T12:58:51Z,2025-05-21T13:10:08Z,PT11M31S,2025-05-21T13:12:38Z
9J480y0LiGI,Senate Health and Human Services (05/21/2025),yes,Health and Human Services,2025-05-21,yes,2025-05-21 09:44:01,2025-05-21T13:44:01Z,2025-05-21T14:18:17Z,PT34M31S,2025-05-22T02:21:43Z
raLr1kmwmG8,Senate Finance (05/21/2025),yes,Finance,2025-05-21,yes,2025-05-21 10:58:47,2025-05-21T14:58:47Z,2025-05-21T16:34:46Z,PT1H36M6S,2025-05-22T04:43:14Z
VoJHn8y83co,Senate Session (05/22/2025),yes,Session,2025-05-22,yes,2025-05-22 09:59:01,2025-05-22T13:59:01Z,2025-05-22T18:46:00Z,PT4H46M56S,2025-05-22T19:02:31Z
pkcR92RFsxU,Senate Finance (05/22/2025),yes,Finance,2025-05-22,yes,2025-05-22 14:58:21,2025-05-22T18:58:21Z,2025-05-22T20:29:30Z,PT1H31M25S,2025-05-23T08:44:17Z
-_piA57xFMY,Senate Finance (05/23/2025),yes,Finance,2025-05-23,yes,2025-05-23 10:58:16,2025-05-23T14:58:16Z,2025-05-23T18:51:08Z,PT3H53M6S,2025-05-24T07:08:25Z
D2ZYKlymodY,Senate Finance (05/27/2025),yes,Finance,2025-05-27,yes,2025-05-27 13:27:36,2025-05-27T17:27:36Z,2025-05-27T19:38:43Z,PT2H11M1S,2025-05-28T07:46:56Z
EsyeAwNvDr4,Senate Finance (05/28/2025),yes,Finance,2025-05-28,yes,2025-05-28 13:26:36,2025-05-28T17:26:36Z,2025-05-28T19:23:24Z,PT1H57M,2025-05-29T07:43:45Z
g-SDq8uI1zQ,Senate Finance (05/29/2025),yes,Finance,2025-05-29,yes,2025-05-29 13:28:11,2025-05-29T17:28:11Z,2025-05-29T19:42:33Z,PT2H14M35S,2025-05-30T08:07:30Z
Z9qN-czlxbE,Senate Finance (05/30/2025),yes,Finance,2025-05-30,yes,2025-05-30 13:28:41,2025-05-30T17:28:41Z,2025-05-30T18:20:55Z,PT52M26S,2025-05-30T18:35:43Z
qv6opnw1B98,Senate Finance (06/02/2025),yes,Finance,2025-06-02,yes,2025-06-02 09:58:56,2025-06-02T13:58:56Z,2025-06-02T19:49:45Z,PT5H50M57S,2025-06-02T20:03:04Z
KgD6Ep0C2Zs,Senate Finance (06/03/2025),yes,Finance,2025-06-03,yes,2025-06-03 13:29:01,2025-06-03T17:29:01Z,2025-06-03T18:06:25Z,PT37M40S,2025-06-03T18:10:56Z
vAMlXC5eBKU,Senate Session (06/05/2025),yes,Session,2025-06-05,yes,2025-06-05 12:58:51,2025-06-05T16:58:51Z,2025-06-06T01:55:13Z,PT8H56M30S,2025-06-06T02:31:41Z
8u7z5yrtL9A,Senate Energy and Natural Resources (06/10/2025),yes,Energy and Natural Resources,2025-06-10,yes,2025-06-10 08:57:06,2025-06-10T12:57:06Z,2025-06-10T13:37:10Z,PT40M16S,2025-06-11T01:43:23Z
kZTVhlTMjLM,Senate Finance Budget Briefing (06/10/2025),yes,Finance Budget Briefing,2025-06-10,yes,2025-06-10 12:57:46,2025-06-10T16:57:46Z,2025-06-10T18:30:50Z,PT1H33M21S,2025-06-11T06:38:07Z
0ph2mfxO1Zg,Senate Session (06/12/2025),yes,Session,2025-06-12,yes,2025-06-12 09:58:51,2025-06-12T13:58:51Z,2025-06-12T16:59:48Z,PT3H1M11S,2025-06-13T05:13:15Z
OCmDvpG_NSg,"Committee of Conference on SB 108, SB 232 (06/13/2025)",yes,"Committee of Conference on SB 108, SB 232",2025-06-13,yes,2025-06-13 08:58:41,2025-06-13T12:58:41Z,2025-06-13T13:31:12Z,PT32M46S,2025-06-14T01:33:58Z
Hhj-jGwswUw,"Committee of Conference on SB 221, SB 213 SB 218, SB 287, SB 118 (06/16/2025)",yes,"Committee of Conference on SB 221, SB 213 SB 218, SB 287, SB 118",2025-06-16,yes,2025-06-16 08:58:46,2025-06-16T12:58:46Z,2025-06-16T15:23:06Z,PT2H24M31S,2025-06-17T03:33:22Z
JtVwLtVWtRY,"Committee of Conference on SB 97, SB 291, SB 141, SB 14 (06/16/2025)",yes,"Committee of Conference on SB 97, SB 291, SB 141, SB 14",2025-06-16,yes,2025-06-16 11:57:36,2025-06-16T15:57:36Z,2025-06-16T19:39:57Z,PT3H42M36S,2025-06-17T08:05:03Z
c-iNMWQwE0w,Committee of Conference on SB 302 (06/17/2025),yes,Committee of Conference on SB 302,2025-06-17,yes,2025-06-17 08:58:41,2025-06-17T12:58:41Z,2025-06-17T13:08:35Z,PT10M1S,2025-06-17T13:11:42Z
89R50nnQFrE,"Committee of Conference on SB 96, SB 87, SB 210, SB 206 (06/17/2025)",yes,"Committee of Conference on SB 96, SB 87, SB 210, SB 206",2025-06-17,yes,2025-06-17 09:28:51,2025-06-17T13:28:51Z,2025-06-17T18:01:35Z,PT4H32M22S,2025-06-17T18:16:53Z
kaS6ELy-acY,"Committee of Conference on SB 221, SB 213, SB 218 (06/18/2025)",yes,"Committee of Conference on SB 221, SB 213, SB 218",2025-06-18,yes,2025-06-18 08:58:41,2025-06-18T12:58:41Z,2025-06-18T13:40:40Z,PT42M11S,2025-06-19T01:45:06Z
ODcEunTJ1p8,"Committee of Conference on SB 118, SB 14 (06/18/2025)",yes,"Committee of Conference on SB 118, SB 14",2025-06-18,yes,2025-06-18 11:58:41,2025-06-18T15:58:41Z,2025-06-18T19:17:59Z,PT3H19M15S,2025-06-19T07:51:27Z
xr0tc41Wnms,"Committee of Conference on SB 210, SB 206 (06/19/2025)",yes,"Committee of Conference on SB 210, SB 206",2025-06-19,yes,2025-06-19 13:28:56,2025-06-19T17:28:56Z,2025-06-19T18:03:24Z,PT34M36S,2025-06-20T06:06:12Z
ezonqMvgvZg,Senate Session (06/26/2025),yes,Session,2025-06-26,yes,2025-06-26 09:58:46,2025-06-26T13:58:46Z,2025-06-26T20:51:24Z,PT6H52M51S,2025-06-26T21:12:08Z
