Town/City,Clerk,Address,Phone,Fax,E-Mail,Town Website Address,State Election Start Time - End Time,Local Election Start Time - End Time,Polling Place,Election Date-Name
ACWORTH,CHARLOTTE COMEAU,PO BOX 37 ACWORTH 03601,603-835-6879,Not Applicable,ATCLERK@SOVER.NET,WWW.ACWORTHNH.NET,,,,
ALBANY,SANDRA VIZARD,1972 NH ROUTE 16 ALBANY 03818,603-447-2877,603-447-2877,TOWNCLERK@ALBANYNH.ORG,WWW.ALBANYNH.ORG,,,,
ALEXANDRIA,FRANCINE M SKIFFINGTON,47 WASHBURN ROAD A ALEXANDRIA 03222,603-744-3288,603-744-8577,CLERKTAX@ALEXANDRIANH.GOV,WWW.ALEXANDRIANH.COM,,,,
ALLENSTOWN,JACQUELENE TATE,16 SCHOOL STREET ALLENSTOWN 03275,603-485-4276,Not Applicable,jtate@allenstownnh.gov,WWW.ALLENSTOWNNH.GOV,07:00AM - 07:00PM,08:00AM - 07:00PM,ALLENSTOWN ELEMENTARY SCHOOL 30 MAIN ST ALLENSTOWN 03275,11/03/2026-STATE GENERAL ELECTION
ALSTEAD,JULIE ANN BACON,PO BOX 65 ALSTEAD 03602,603-835-2242,603-835-2178,JBACON@ALSTEADNH.GOV,WWW.ALSTEADNH.GOV,8:00 AM - 7:00 PM,8:00 AM - 7:00 PM,TOWN HALL 9 MAIN ST ALSTEAD 03602,11/03/2026-STATE GENERAL ELECTION
ALTON,JENNIFER COLLINS,PO BOX 637 ALTON 03809,603-875-2101,603-651-0732,TOWNCLERK@ALTON.NH.GOV,WWW.ALTON.NH.GOV,7:00 AM - 7:00 PM,7:00 AM - 7:00 PM,PROSPECT MOUNTAIN HIGH SCHOOL 242 SUNCOOK VALLEY RD ALTON 03809,11/03/2026-STATE GENERAL ELECTION
AMHERST,NANCY A DEMERS,2 MAIN ST AMHERST 03031,603-673-6041,603-673-4138,NDEMERS@AMHERSTNH.GOV,WWW.AMHERSTNH.GOV,6:00 AM - 8:00 PM,6:00 AM - 8:00 PM,SOUHEGAN HIGH SCHOOL 412 BOSTON POST RD AMHERST 03031,11/03/2026-STATE GENERAL ELECTION
ANDOVER,LISA R MEIER,PO BOX 361 ANDOVER 03216,603-735-4141,603-735-6975,TCTC@ANDOVER-NH.GOV,WWW.ANDOVER-NH.GOV,,,,
ANTRIM,ANN GILBERT,PO BOX 517 ANTRIM 03440,603-588-6785,603-588-2969,townclerk@antrimnh.gov,WWW.ANTRIMNH.ORG,,,,
ASHLAND,REBECCA L HARTLEY,PO BOX 517 ASHLAND 03217,603-968-4432,603-968-3776,TOWNOFFICE@ASHLAND.NH.GOV,WWW.ASHLAND.NH.GOV,8:00 AM - 7:00 PM,8:00 AM - 7:00 PM,WILLIAM J. TIRONE GYMNASIUM 27 HIGHLAND ST ASHLAND 03217,11/03/2026-STATE GENERAL ELECTION
ATKINSON,JULIANNA CAMILLE HALE,19 ACADEMY AVE ATKINSON 03811,603-362-4920,603-362-5305,CLERKTAX@ATKINSON-NH.GOV,WWW.TOWN-ATKINSONNH.COM,,,,
AT.& GIL. AC. GT.,DONNA M DEMERS,po box 100 AT.& GIL. AC. GT. 03579,603-482-3351,Not Applicable,ERROLTOWNCLERK@GMAIL.COM,Not Applicable,8:00 AM - 7:00 PM,11:00 AM - 7:00 PM,ERROL TOWN HALL 33 DUMONT ST AT.& GIL. AC. GT. 03576,11/03/2026-STATE GENERAL ELECTION
AUBURN,CAITLYN MARY FOLIA,47 CHESTER RD AUBURN 03032,603-483-2281,603-483-0518,TOWNCLERK@TOWNOFAUBURNNH.COM,AUBURNNH.US,7:00 AM - 7:00 PM,7:00 AM - 7:00 PM,AUBURN VILLAGE SCHOOL 11 EATON HILL RD AUBURN 03032,11/03/2026-STATE GENERAL ELECTION
BARNSTEAD,JESSIE L FIFIELD,PO BOX 11 BARNSTEAD 03225,603-269-4071,Not Applicable,JFIFIELD@BARNSTEAD.ORG,WWW.BARNSTEAD.ORG,7:00 AM - 7:00 PM,7:00 AM - 7:00 PM,BARNSTEAD ELEMENTARY SCHOOL 91 MAPLE ST BARNSTEAD 03225,11/03/2026-STATE GENERAL ELECTION
BARRINGTON,KIMBERLY KEREKES,PO BOX 660 BARRINGTON 03825,603-664-5476,Not Applicable,KKEREKES@BARRINGTON.NH.GOV,WWW.BARRINGTON.NH.GOV,8:00 AM - 7:00 PM,8:00 AM - 7:00 PM,BARRINGTON MIDDLE SCHOOL 51 HALEY DR BARRINGTON 03825,11/03/2026-STATE GENERAL ELECTION
BARTLETT,CHERYL NEALLEY,56 TOWN HALL ROAD BARTLETT 03845,603-356-2300,603-356-2300,TOWNCLERK@TOWNOFBARTLETT.NH.GOV,WWW.BARTLETTNH.ORG,,,,
BATH,CARRIE C VOGT,PO BOX 88 BATH 03740,603-747-2454,603-747-0497,Not Applicable,BATH-NH.ORG,8:00 AM - 7:00 PM,-,BATH FIRE STATION 19 RUM HILL RD BATH 03740,11/03/2026-STATE GENERAL ELECTION
BEAN'S GRANT,CHRISTINA ZORNIO,20 PARK ST BEAN'S GRANT 03581,603-466-2744,603-466-2744,CZORNIO@GORHAMNH.ORG,Not Applicable,8:00 AM - 7:00 PM,-,GORHAM TOWN HALL 20 PARK STREET GORHAM - FOR POLLING LOCATION ONLY BEAN'S GRANT 03581,11/03/2026-STATE GENERAL ELECTION
BEAN'S PURCHASE,LEONA KEALTY,74 VILLAGE RD BEAN'S PURCHASE 03581,603-466-2262,603-466-5271,TCTX@TOWNOFSHELBURNENH.GOV,Not Applicable,,,,
BEDFORD,WILLIAM P CARTER,24 NORTH AMHERST RD BEDFORD 03110,603-792-1306,603-472-4573,WCARTER@BEDFORDNH.GOV,WWW.BEDFORDNH.ORG,,,,
BELMONT,JENNIFER CASHMAN,PO BOX 310 BELMONT 03220,603-267-8300,603-267-8305,TCTC@BELMONTNH.GOV,WWW.BELMONTNH.GOV,7:00 AM - 7:00 PM,7:00 AM - 7:00 PM,BELMONT HIGH SCHOOL 255 SEAVEY RD BELMONT 03220,11/03/2026-STATE GENERAL ELECTION
BENNINGTON,DEBRA L BELCHER,7 SCHOOL STREET 101 BENNINGTON 03442,603-588-2189,603-588-8005,TOWNCLERK@TOWNOFBENNINGTON.COM,TOWNOFBENNINGTON.COM/,,,,
BENTON,MICHAEL P STIEBITZ,110 FLANDERS ROAD BENTON 03785,603-787-6541,Not Applicable,MSTIEBITZ@ATT.NET,HTTPS://WWW.TOBENTONNH.ORG/,11:00 AM - 7:00 PM,07:00 PM - 09:00 PM,BENTON TOWN BUILDING 221 COVENTRY RD BENTON 03785,11/03/2026-STATE GENERAL ELECTION
BERLIN WARD 01,SHELLI A FORTIN,168 MAIN STREET BERLIN 03570,603-752-2340,603-752-8586,SFORTIN@BERLINNH.GOV,WWW.BERLINNH.GOV,08:00 AM - 07:00 PM,08:00 AM - 07:00 PM,BERLIN RECREATION CENTER 672 FIRST AVE BERLIN 03570,11/03/2026-STATE GENERAL ELECTION
BERLIN WARD 03,SHELLI A FORTIN,168 MAIN STREET BERLIN 03570,603-752-2340,603-752-8586,SFORTIN@BERLINNH.GOV,WWW.BERLINNH.GOV,8:00 AM - 7:00 PM,8:00 AM - 7:00 PM,VFW 1107 MAIN ST BERLIN 03570,11/03/2026-STATE GENERAL ELECTION
BETHLEHEM,MARY E JACKSON,PO BOX 185 BETHLEHEM 03574,603-869-2293,603-869-5500,MARYJACKSON@BETHLEHEMNH.GOV,BETHLEHEMNH.ORG,8:00 AM - 7:00 PM,8:00 AM - 7:00 PM,BETHLEHEM TOWN HALL 2155 MAIN ST BETHLEHEM 03574,11/03/2026-STATE GENERAL ELECTION
BOSCAWEN,NICOLE ELLEN HOYT,116 N MAIN STREET BOSCAWEN 03303,603-753-9188,Not Applicable,NHOYT@BOSCAWENNH.GOV,WWW.BOSCAWENNH.GOV,7:00 AM - 7:00 PM,7:00 AM - 7:00 PM,BOSCAWEN ELEMENTARY SCHOOL 1 B.E.S.T AVE BOSCAWEN 03303,11/03/2026-STATE GENERAL ELECTION
BOW,MRIDULA SUDHIR NAIK,10 GRANDVIEW ROAD BOW 03304,603-223-3980,603-225-5428,MNAIK@BOWNH.GOV,WWW.BOWNH.GOV,7:00 AM - 7:00 PM,7:00 AM - 7:00 PM,BOW MEMORIAL SCHOOL 20 BOW CENTER RD BOW 03304,11/03/2026-STATE GENERAL ELECTION
BRADFORD,ERICA GROSS,PO BOX 607 BRADFORD 03221,603-938-2288,Not Applicable,TC@BRADFORDNH.GOV,WWW.BRADFORDNH.ORG,8:00 AM - 7:00 PM,8:00 AM - 7:00 PM,BRADFORD TOWN HALL 75 WEST MAIN ST BRADFORD 03221,11/03/2026-STATE GENERAL ELECTION
BRENTWOOD,DAPHNE WOSS,1 DALTON ROAD BRENTWOOD 03833,603-642-6400,603-642-6310,TOWNCLERK@BRENTWOODNH.GOV,WWW.BRENTWOODNH.GOV,7:00 AM - 7:00 PM,7:00 AM - 7:00 PM,SWASEY CENTRAL SCHOOL 355 MIDDLE RD BRENTWOOD 03833,11/03/2026-STATE GENERAL ELECTION
BRIDGEWATER,COLLEEN MARIE KENNY,PO BOX 419 BRIDGEWATER 03264,603-968-7911,603-968-3506,BRIDGEWATERTOWNCLERK1@GMAIL.COM,WWW.BRIDGEWATER-NH.COM,11:00 AM - 7:00 PM,11:00 AM - 7:00 PM,BRIDGEWATER TOWN HALL 297 MAYHEW TPKE BRIDGEWATER 03222,11/03/2026-STATE GENERAL ELECTION
BRISTOL,CHERYL A HERBERT,5 SCHOOL ST BRISTOL 03222,603-744-3354,603-744-2521,CHERBERT@BRISTOLNH.GOV,BRISTOLNH.GOV,8:00 AM - 7:00 PM,6:30 PM - 9:00 PM,NEWFOUND REGIONAL HIGH SCHOOL 150 SUMMER ST BRISTOL 03222,11/03/2026-STATE GENERAL ELECTION
BROOKFIELD,KAREN E SERVACEK,223 GOVERNORS RD BROOKFIELD 03872,603-522-3688,Not Applicable,TOWNCLERK@BROOKFIELDNH.ORG,WWW.BROOKFIELDNH.GOV,08:00 AM - 07:00 PM,8:00 AM - 7:00PM,BROOKFIELD TOWN HOUSE 267 WENTWORTH RD BROOKFIELD 03872,11/03/2026-STATE GENERAL ELECTION
BROOKLINE,PATRICIA A HOWARD-BARNETT,PO BOX 336 BROOKLINE 03033,603-673-8855,603-673-8802,PATTI@BROOKLINENH.GOV,HTTP://WWW.BROOKLINENH.GOV/,7:00 AM - 7:30 PM,7:00 AM - 7:30 PM,CAPTAIN SAMUEL DOUGLAS ACADEMY 24 TOWNSEND HILL RD BROOKLINE 03033,11/03/2026-STATE GENERAL ELECTION
CAMBRIDGE,DONNA M DEMERS,PO BOX 100 CAMBRIDGE 03579,603-482-3351,603-482-3804,ERROLTOWNCLERK@GMAIL.COM,ERROLTOWNCLERK@GMAIL.COM,8:00 AM - 7:00 PM,11:00 AM - 7:00 PM,ERROL TOWN HALL 33 MAIN ST CAMBRIDGE 03579,11/03/2026-STATE GENERAL ELECTION
CAMPTON,HANNAH B JOYCE,10 GEARTY WAY CAMPTON 03223,603-726-3223,603-726-9817,TCTX@CAMPTONNH.GOV,WWW.CAMPTONNH.ORG,,,,
CANAAN,CHRISTINA ROGERS,PO BOX 38 CANAAN 03741,603-523-4501,603-523-4526,DEPUTYTCTC@CANAANNH.GOV,WWW.CANAANNH.GOV,8:00 AM - 7:00 PM,8:00 AM - 7:00 PM,CANAAN FIRE STATION 62 NH RT 118 CANAAN 03741,11/03/2026-STATE GENERAL ELECTION
CANDIA,TRACEY BOUCHER,74 HIGH STREET CANDIA 03034,603-483-5573,603-483-0252,TOWNCLERK@TOWNOFCANDIA.ORG,WWW.CANDIANH.ORG,6:00 AM - 7:00 PM,6:00 AM - 7:00 PM,CANDIA YOUTH ATHLETIC ASSOCIATION (CYAA) 27 RAYMOND RD CANDIA 03034,11/03/2026-STATE GENERAL ELECTION
CANTERBURY,SAMUEL JEAN PETER PAPPS,PO BOX 500 CANTERBURY 03224,603-783-0153,603-783-0501,SPAPPS@CANTERBURYNH.GOV,WWW.CANTERBURYNH.GOV,7:00 AM - 7:00 PM,7:00 AM - 7:00 PM,CANTERBURY ELEMENTARY SCHOOL 15 BAPTIST RD CANTERBURY 03224,11/03/2026-STATE GENERAL ELECTION
CARROLL,CRYSTAL B BAILEY,PO BOX 88 CARROLL 03595,603-846-5494,603-846-5713,TOWNCLERK@TOWNOFCARROLLNH.GOV,CARROLLNH.GOV,,,,
CENTER HARBOR,AMY HORNKOHL,PO BOX 140 CENTER HARBOR 03226,603-253-4561,603-253-8420,TOWNCLERK@CENTERHARBORNH.GOV,WWW.CENTERHARBORNH.GOV,8:00 AM - 7:00 PM,8:00 AM - 7:00 PM,CENTER HARBOR TOWN OFFICE 36 MAIN ST CENTER HARBOR 03226,11/03/2026-STATE GENERAL ELECTION
CHANDLERS PURCHASE,CHRISTINA ZORNIO,20 PARK ST CHANDLERS PURCHASE 03581,603-446-2744,603-466-2744,CZORNIO@GORHAMNH.ORG,Not Applicable,,,,
CHARLESTOWN,PATRICIA E CHAFFEE,P O BOX 834 CHARLESTOWN 03603,603-826-5821,603-826-5181,PATRICIA@CHARLESTOWN-NH.GOV,WWW.CHARLESTOWN-NH.GOV,8:00 AM - 7:00 PM,8:00 AM - 7:00 PM,CHARLESTOWN SENIOR CENTER 233 OLD SPRINGFIELD RD CHARLESTOWN 03603,11/03/2026-STATE GENERAL ELECTION
CHATHAM,PATRICIA PITMAN,1071 MAIN ROAD CHATHAM 03813,603-694-2117,Not Applicable,TOWNCLERK@CHATHAMNH.ORG,CHATHAMNH.ORG,11:00 AM - 7:00 PM,06:30 PM - 8:00 PM,CHATHAM TOWN HALL 1071 MAIN RD CHATHAM 03813,11/03/2026-STATE GENERAL ELECTION
CHESTER,JUSTINE M CELENTANO,84 CHESTER STREET CHESTER 03036,603-887-3636,Not Applicable,JCELENTANO@CHESTERNH.ORG,WWW.CHESTERNH.ORG,7:00 AM - 7:00 PM,7:00 AM - 7:00 PM,CHESTER MUNICIPAL OFFICE 84 CHESTER ST CHESTER 03036,11/03/2026-STATE GENERAL ELECTION
CHESTERFIELD,MARY EWELL,PO BOX 64 CHESTERFIELD 03443,603-363-4624,603-363-8047,TOWNCLERK@NHCHESTERFIELD.COM,WWW.CHESTERFIELD.NH.GOV,8:00 AM - 7:00 PM,10:00 AM - 7:00 PM,CHESTERFIELD SCHOOL 535 OLD CHESTERFIELD RD CHESTERFIELD 03443,11/03/2026-STATE GENERAL ELECTION
CHICHESTER,BONNIE POTTER,54 MAIN STREET CHICHESTER 03258,603-798-5350,603-798-3170,TOWNCLERK@CHICHESTERNH.ORG,WWW.CHICHESTERNH.ORG,7:00 AM - 7:00 PM,10:00 AM - 7:00 PM,CHICHESTER CENTRAL SCHOOL 219 MAIN ST CHICHESTER 03258,11/03/2026-STATE GENERAL ELECTION
CLAREMONT WARD 01,GWENDOLYN R MELCHER,58 OPERA HOUSE SQ CLAREMONT 03743,603-542-7003,603-542-7038,CITYCLERK@CLAREMONTNH.COM,WWW.CLAREMONTNH.COM,8:00 AM - 7:00 PM,8:00 AM - 7:00 PM,CLAREMONT MIDDLE SCHOOL 107 SOUTH ST CLAREMONT 03743,11/03/2026-STATE GENERAL ELECTION
CLAREMONT WARD 02,GWENDOLYN R MELCHER,58 OPERA HOUSE SQ CLAREMONT 03743,603-542-7003,603-542-7038,CITYCLERK@CLAREMONTNH.COM,WWW.CLAREMONTNH.COM,8:00 AM - 7:00 PM,8:00 AM - 7:00 PM,CLAREMONT MIDDLE SCHOOL 107 SOUTH ST CLAREMONT 03743,11/03/2026-STATE GENERAL ELECTION
CLAREMONT WARD 03,GWENDOLYN R MELCHER,58 OPERA HOUSE SQ CLAREMONT 03743,603-542-7003,603-542-7038,CITYCLERK@CLAREMONTNH.COM,WWW.CLAREMONTNH.COM,8:00 AM - 7:00 PM,8:00 AM - 7:00 PM,DISNARD ELEMENTARY SCHOOL 160 HANOVER ST CLAREMONT 03743,11/03/2026-STATE GENERAL ELECTION
CLARKSVILLE,KIMBERLY A JOYCE,408 NH ROUTE 145 CLARKSVILLE 03592,603-246-7751,603-246-3480,KIM@CLARKSVILLE.NH.GOV,TWNCLARK@YAHOO.COM,,,,
COLEBROOK,JOLENE MARIE MARTUNAS,17 BRIDGE STREET COLEBROOK 03576,603-237-5200,603-237-5069,JMARTUNAS@COLEBROOKNH.ORG,HTTPS://COLEBROOKNH.ORG,8:00 AM - 7:00 PM,8:00 AM - 6:00 PM,COLEBROOK ELEMENTARY SCHOOL GYM 27 DUMONT ST COLEBROOK 03576,11/03/2026-STATE GENERAL ELECTION
COLUMBIA,MARCIA LYNN PARKHURST,PO BOX 157 COLUMBIA 03576,603-237-5255,603-237-8270,TOWNCLERK@COLUMBIANH.ORG,TOWNCOLUMBIA@MYFAIRPOINT.NET,,,,
CONCORD WARD 01,JANICE L BONENFANT,41 GREEN ST CONCORD 03301,603-225-8500,603-225-8592,CITYCLERK@CONCORDNH.GOV,WWW.CONCORDNH.GOV,7:00 AM - 7:00 PM,7:00 AM - 7:00 PM,MERRIMACK VALLEY HIGH SCHOOL GYMNASIUM 106 VILLAGE ST CONCORD 03303,"11/03/2026-STATE GENERAL ELECTION, 11/03/2026-CONCORD SCHOOL DISTRICT ELECTION"
CONCORD WARD 02,JANICE L BONENFANT,41 GREEN ST CONCORD 03301,603-225-8500,603-225-8592,CITYCLERK@CONCORDNH.GOV,WWW.CONCORDNH.GOV,7:00 AM - 7:00 PM,7:00 AM - 7:00 PM,THE BARN AT BULL MEADOW 63 BOG RD CONCORD 03303,"11/03/2026-STATE GENERAL ELECTION, 11/03/2026-CONCORD SCHOOL DISTRICT ELECTION"
CONCORD WARD 03,JANICE L BONENFANT,41 GREEN ST CONCORD 03301,603-225-8500,603-225-8592,CITYCLERK@CONCORDNH.GOV,WWW.CONCORDNH.GOV,7:00 AM - 7:00 PM,7:00 AM - 7:00 PM,BEAVER MEADOW SCHOOL 40 SEWALLS FALLS RD CONCORD 03301,"11/03/2026-STATE GENERAL ELECTION, 11/03/2026-CONCORD SCHOOL DISTRICT ELECTION"
CONCORD WARD 04,JANICE L BONENFANT,41 GREEN ST CONCORD 03301,603-225-8500,603-225-8592,CITYCLERK@CONCORDNH.GOV,WWW.CONCORDNH.GOV,7:00 AM - 7:00 PM,7:00 AM - 7:00 PM,GREEN STREET COMMUNITY CENTER 39 GREEN ST CONCORD 03301,"11/03/2026-STATE GENERAL ELECTION, 11/03/2026-CONCORD SCHOOL DISTRICT ELECTION"
CONCORD WARD 05,JANICE L BONENFANT,41 GREEN ST CONCORD 03301,603-225-8500,603-225-8592,CITYCLERK@CONCORDNH.GOV,WWW.CONCORDNH.GOV,7:00 AM - 7:00 PM,7:00 AM - 7:00 PM,CHRISTA MCAULIFFE SCHOOL 17 NORTH SPRING ST CONCORD 03301,"11/03/2026-STATE GENERAL ELECTION, 11/03/2026-CONCORD SCHOOL DISTRICT ELECTION"
CONCORD WARD 06,JANICE L BONENFANT,41 GREEN ST CONCORD 03301,603-225-8500,603-225-8592,CITYCLERK@CONCORDNH.GOV,WWW.CONCORDNH.GOV,7:00 AM - 7:00 PM,7:00 AM - 7:00 PM,CHRIST THE KING PARISH HALL 72 SOUTH MAIN ST CONCORD 03301,"11/03/2026-STATE GENERAL ELECTION, 11/03/2026-CONCORD SCHOOL DISTRICT ELECTION"
CONCORD WARD 07,JANICE L BONENFANT,41 GREEN ST CONCORD 03301,603-225-8500,603-225-8592,CITYCLERK@CONCORDNH.GOV,WWW.CONCORDNH.GOV,7:00 AM - 7:00 PM,7:00 AM - 7:00 PM,ABBOT DOWNING ELEMENTARY SCHOOL 152 SOUTH ST CONCORD 03301,"11/03/2026-STATE GENERAL ELECTION, 11/03/2026-CONCORD SCHOOL DISTRICT ELECTION"
CONCORD WARD 08,JANICE L BONENFANT,41 GREEN ST CONCORD 03301,603-225-8500,603-225-8592,CITYCLERK@CONCORDNH.GOV,WWW.CONCORDNH.GOV,7:00 AM - 7:00 PM,7:00 AM - 7:00 PM,BEKTASH TEMPLE 189 PEMBROKE RD CONCORD 03301,"11/03/2026-STATE GENERAL ELECTION, 11/03/2026-CONCORD SCHOOL DISTRICT ELECTION"
CONCORD WARD 09,JANICE L BONENFANT,41 GREEN ST CONCORD 03301,603-225-8500,603-225-8592,CITYCLERK@CONCORDNH.GOV,WWW.CONCORDNH.GOV,7:00 AM - 7:00 PM,07:00 AM - 07:00 PM,CITYWIDE COMMUNITY CENTER 14 CANTERBURY RD CONCORD 03301,"11/03/2026-STATE GENERAL ELECTION, 11/03/2026-CONCORD SCHOOL DISTRICT ELECTION"
CONCORD WARD 10,JANICE L BONENFANT,41 GREEN ST CONCORD 03301,603-225-8500,603-225-8592,CITYCLERK@CONCORDNH.GOV,WWW.CONCORDNH.GOV,7:00 AM - 7:00 PM,7:00 AM - 7:00 PM,BROKEN GROUND SCHOOL 51 SOUTH CURTISVILLE RD CONCORD 03301,"11/03/2026-STATE GENERAL ELECTION, 11/03/2026-CONCORD SCHOOL DISTRICT ELECTION"
CONWAY,LOUISE MARIE INKELL,PO BOX 2680 CONWAY 03818,603-447-3811,603-447-1348,LINKELL@CONWAYNH.ORG,WWW.CONWAYNH.ORG,8:00 AM - 7:00 PM,8:00 AM - 7:00 PM,CONWAY TOWN GARAGE/PUBLIC WORKS GARAGE 1611 EAST MAIN ST CONWAY 03813,11/03/2026-STATE GENERAL ELECTION
CORNISH,PAULA HARTHAN,PO BOX 183 CORNISH 03746,603-675-5207,603-675-5605,P.HARTHAN.CLERK@CORNISH.NH.GOV,WWW.CORNISHNH.NET,,,,
CRAWFORD'S PURCHASE,CHRISTINA ZORNIO,20 PARK ST CRAWFORD'S PURCHASE 03581,603-466-2744,603-466-2744,CZORNIO@GORHAMNH.ORG,Not Applicable,,,,
CROYDON,PAUL MICHAEL FREITAS,879 NH RT 10 CROYDON 03773,603-863-7830,Not Applicable,TOWNCLERK@CROYDON-NH.COM,WWW.CROYDON-NH.COM,8:00 AM - 7:00 PM,11:00 AM - 7:00 PM,CROYDON TOWN HALL 879 NH ROUTE 10 CROYDON 03773,11/03/2026-STATE GENERAL ELECTION
CUTT'S GRANT,CHRISTINA ZORNIO,20 PARK ST CUTT'S GRANT 03581,603-466-2744,603-466-2744,CZORNIO@GORHAMNH.ORG,Not Applicable,,,,
DALTON,JEANETTE TERESA CHARON,756 DALTON ROAD DALTON 03598,603-837-2092,603-837-9642,TOWN.CLERK@TOWNOFDALTON.COM,WWW.TOWNOFDALTONNH.GOV,,,,
DANBURY,TRICIA J TAYLOR,23 HIGH STREET DANBURY 03230,603-768-5448,603-768-5448,CLERK@DANBURYNH.GOV,WWW.TOWNOFDANBURYNH.COM,,,,
DANVILLE,MICHELLE HEALY,210 MAIN STREET DANVILLE 03819,603-382-8253,Not Applicable,MHEALY@TOWNOFDANVILLE.ORG,WWW.TOWNOFDANVILLE.ORG,8:00 AM - 8:00 PM,8:00 AM - 8:00 PM,DANVILLE COMMUNITY CENTER 169 MAIN ST DANVILLE 03819,11/03/2026-STATE GENERAL ELECTION
DEERFIELD,KELLY ROBERTS,PO BOX 159 DEERFIELD 03037,603-463-8811,603-463-2820,TWN@DEERFIELDNH.GOV,WWW.DEERFIELDNH.GOG,7:00 AM - 7:00 PM,07:00 AM - 07:00 PM,TOWN HALL 10 CHURCH ST DEERFIELD 03037,11/03/2026-STATE GENERAL ELECTION
DEERING,ANNETTE M POLAND,762 DEERING CENTER ROAD DEERING 03244,603-464-3224,Not Applicable,TOWNCLERK@DEERINGNH.GOV,WWW.DEERING.NH.US,8:00 AM - 7:00 PM,8:00 AM - 7:00 PM,DEERING TOWN HALL 762 DEERING CENTER RD DEERING 03244,11/03/2026-STATE GENERAL ELECTION
DERRY WARD 01,CRISTINA GUILFORD,14 MANNING STREET DERRY 03038,603-432-6105,603-432-8176,TOWNCLERK@DERRYNH.GOV,WWW.DERRYNH.GOV,7:00 AM - 8:00 PM,7:00 AM - 8:00 PM,PINKERTON ACADEMY (DIST 1) 5 PINKERTON (DIST 1) ST DERRY 03038,11/03/2026-STATE GENERAL ELECTION
DERRY WARD 02,CRISTINA GUILFORD,14 MANNING STREET DERRY 03038,603-432-6105,603-432-8176,TOWNCLERK@DERRYNH.GOV,WWW.DERRYNH.GOV,7:00 AM - 8:00 PM,7:00 AM - 8:00 PM,PINKERTON ACADEMY (DIST 2) 5 PINKERTON (DIST 2) ST DERRY 03038,11/03/2026-STATE GENERAL ELECTION
DERRY WARD 03,CRISTINA GUILFORD,14 MANNING STREET DERRY 03038,603-432-6105,603-432-8176,TOWNCLERK@DERRYNH.GOV,WWW.DERRYNH.GOV,7:00 AM - 8:00 PM,7:00 AM - 8:00 PM,PINKERTON ACADEMY (DIST 3) 5 PINKERTON (DIST 3) ST DERRY 03038,11/03/2026-STATE GENERAL ELECTION
DERRY WARD 04,CRISTINA GUILFORD,14 MANNING STREET DERRY 03038,603-432-6105,603-432-8176,TOWNCLERK@DERRYNH.GOV,WWW.DERRYNH.GOV,7:00 AM - 8:00 PM,7:00 AM - 8:00 PM,PINKERTON ACADEMY (DIST 4) 5 PINKERTON (DIST 4) ST DERRY 03038,11/03/2026-STATE GENERAL ELECTION
DIX'S GRANT,DONNA M DEMERS,100 PO Box 100 DIX'S GRANT 03579,603-482-3351,603-482-5069,ERROLTOWNCLERK@GMAIL.COM,Not Applicable,8:00 AM - 7:00 PM,11:00 AM - 7:00 PM,ERROL TOWN HALL 33 DUMONT ST DIX'S GRANT 03576,11/03/2026-STATE GENERAL ELECTION
DIXVILLE,DEBORAH TILLOTSON,1 WILDERNESS ROAD DIXVILLE 03576,603-571-0069,Not Applicable,DEBTT@TANGO175.COM,Not Applicable,03:00 PM - 04:00 PM,12:00 PM - 01:00 PM,TILLOTSON HOUSE 1 TILLOTSON RD RD DIXVILLE 03576,11/03/2026-STATE GENERAL ELECTION
DORCHESTER,DARLENE E OAKS,1021 NH RTE 118 DORCHESTER 03266,603-786-9476,603-786-9476,TCTC.DORCHESTER@GMAIL.COM,TOWNOFDORCHESTER.NET,,,,
DOVER WARD 01,JERRICA ANN VANSYLYVONG-BIZIER,288 CENTRAL AVE DOVER 03820,603-516-6018,603-516-6666,J.BIZIER@DOVER.NH.GOV,WWW.DOVER.NH.GOV,7:00 AM - 7:00 PM,7:00 AM - 7:00 PM,FRANCES G HOPKINS ELEMENTARY SCHOOL 78 HORNE ST DOVER 03820,11/03/2026-STATE GENERAL ELECTION
DOVER WARD 02,JERRICA ANN VANSYLYVONG-BIZIER,288 CENTRAL AVE DOVER 03820,603-516-6018,603-516-6666,J.BIZIER@DOVER.NH.GOV,WWW.DOVER.NH.GOV,7:00 AM - 7:00 PM,7:00 AM - 7:00 PM,DOVER ICE ARENA 110 PORTLAND AVE DOVER 03820,11/03/2026-STATE GENERAL ELECTION
DOVER WARD 03,JERRICA ANN VANSYLYVONG-BIZIER,288 CENTRAL AVE DOVER 03820,603-516-6018,603-516-6666,J.BIZIER@DOVER.NH.GOV,WWW.DOVER.NH.GOV,7:00 AM - 7:00 PM,7:00 AM - 7:00 PM,WOODMAN PARK ELEMENTARY SCHOOL 11 TOWLE AVE DOVER 03820,11/03/2026-STATE GENERAL ELECTION
DOVER WARD 04,JERRICA ANN VANSYLYVONG-BIZIER,288 CENTRAL AVE DOVER 03820,603-516-6018,603-516-6666,J.BIZIER@DOVER.NH.GOV,WWW.DOVER.NH.GOV,7:00 AM - 7:00 PM,7:00 AM - 7:00 PM,GARRISON ELEMENTARY SCHOOL 50 GARRISON RD DOVER 03820,11/03/2026-STATE GENERAL ELECTION
DOVER WARD 05,JERRICA ANN VANSYLYVONG-BIZIER,288 CENTRAL AVE DOVER 03820,603-516-6018,603-516-6666,J.BIZIER@DOVER.NH.GOV,WWW.DOVER.NH.GOV,7:00 AM - 7:00 PM,7:00 AM - 7:00 PM,DOVER MIDDLE SCHOOL 16 DALEY DR DOVER 03820,11/03/2026-STATE GENERAL ELECTION
DOVER WARD 06,JERRICA ANN VANSYLYVONG-BIZIER,288 CENTRAL AVE DOVER 03820,603-516-6018,603-516-6666,J.BIZIER@DOVER.NH.GOV,WWW.DOVER.NH.GOV,7:00 AM - 7:00 PM,7:00 AM - 7:00 PM,HELLENIC CENTER 219 LONG HILL RD DOVER 03820,11/03/2026-STATE GENERAL ELECTION
DUBLIN,SARAH WHITNEY WILCOX,Po Box 62 DUBLIN 03444,603-563-8859,603-563-9221,TOWNCLERK@TOWNOFDUBLIN.ORG,WWW.TOWNOFDUBLIN.ORG,,,,
DUMMER,JUDY MARCOU,75 HILL ROAD DUMMER 03588,603-449-2006,Not Applicable,DUMMERTOWNCLERK@GMAIL.COM,WWW.DUMMERTOWNCLERK@GMAIL.COM,,,,
DUNBARTON,JENNIFER P CORMIER,1011 SCHOOL STREET DUNBARTON 03046,603-774-3547,Not Applicable,TOWNCLERK@DUNBARTONNH.ORG,DUNBARTONNH.ORG,7:00 AM - 7:00 PM,7:00 AM - 7:00 PM,NOYES COMMUNITY CENTER 20 ROBERT ROGERS RD DUNBARTON 03046,11/03/2026-STATE GENERAL ELECTION
DURHAM,RACHEL DEANE,8 NEWMARKET ROAD DURHAM 03824,603-868-5577,603-868-1858,rdeane@ci.durham.nh.us,HTTP://WWW.CI.DURHAM.NH.US,7:00 AM - 7:00 PM,7:00 AM - 7:00 PM,OYSTER RIVER HIGH SCHOOL 55 COE DR DURHAM 03824,11/03/2026-STATE GENERAL ELECTION
EAST KINGSTON,SHELBY ANN BRINKERHOFF,PO BOX 249 EAST KINGSTON 03827,603-642-8406,603-642-4918,SBRINKERHOFF@EASTKINGSTONNH.GOV,WWW.EKNH.ORG,,,,
EASTON,CLAIRE CATHERINE MEI,1060 EASTON VALLEY ROAD EASTON 03580,603-823-8017,603-823-7780,TOWNCLERK@EASTONNH.GOV,HTTPS://WWW.EASTONNH.GOV/,11:00 AM - 7:00 PM,3:00 PM - 6:00 PM,EASTON TOWN HALL 1060 EASTON VALLEY RD EASTON 03580,11/03/2026-STATE GENERAL ELECTION
EATON,ROBIN WILLIS NUCCIO,PO BOX 117 EATON 03832,603-447-2840,603-447-2560,EATONNHTC@GMAIL.COM,EATONNH.ORG,11:00 AM - 7:00 PM,11:00 AM - 6:00 PM,EVANS MEMORIAL BLDG - EATON TOWN HALL 83 BROWNFIELD RD EATON 03849,11/03/2026-STATE GENERAL ELECTION
EFFINGHAM,ANDREA HOOD,68 SCHOOL STREET EFFINGHAM 03882,603-539-7551,Not Applicable,TOWNCLERK@EFFINGHAM.NH.GOV,HTTPS://WWW.EFFINGHAMNH.NET/,8:00 AM - 7:00 PM,11:00 AM - 7:00 PM,EFFINGHAM ELEMENTARY SCHOOL 6 PARTRIDGE COVE RD EFFINGHAM 03882,11/03/2026-STATE GENERAL ELECTION
ELLSWORTH,DONNA MARIE O'BRIEN,3 ELLSWORTH POND RD ELLSWORTH 03223,603-726-3551,Not Applicable,DOBELLSWORTH@GMAIL.COM,NONE AVAILABLE,,,,
ENFIELD,MARISSA P IGNACIO,PO BOX 373 ENFIELD 03748,603-632-5001,603-632-5182,TOWNCLERK@ENFIELDNH.GOV,WWW.ENFIELDNH.GOV,,,,
EPPING,ERIKA LEIGH PETHIC-ROBINSON,157 MAIN ST EPPING 03042,603-679-1492,603-679-3002,CLERKANDTAX@EPPINGNH.GOV,EPPINGNH.GOV,,,,
EPSOM,MARGOT M KEYES,1598 DOVER ROAD EPSOM 03234,603-736-4825,Not Applicable,TOWNCLERK@EPSOMNH.GOV,WWW.EPSOMNH.ORG,7:30AM - 7:00 PM,7:30AM - 7:00PM,EPSOM BIBLE CHURCH 398 BLACK HALL RD EPSOM 03234,11/03/2026-STATE GENERAL ELECTION
ERROL,JENNIFER M WARD,PO BOX 100 ERROL 03579,603-482-3351,603-482-3804,JWARD@ERROLNH.GOV,WWW.ERROLNH.ORG,8:00 AM - 7:00 PM,11:00 AM - 7:00 PM,ERROL TOWN HALL 33 MAIN ST ERROL 03579,11/03/2026-STATE GENERAL ELECTION
ERVING'S LOCATION,MARCIA LYNN PARKHURST,1679 US Rte 3 ERVING'S LOCATION 03576,603-237-5255,603-237-8270,towncolumbia@myfairpoint.net,COLUMBIANH.ORG,,,,
EXETER,JENNIFER L SHUPE,10 FRONT STREET EXETER 03833,603-773-6105,603-418-6424,JLSHUPE@EXETERNH.GOV,WWW.EXETERNH.GOV,7:00 AM - 8:00 PM,7:00 AM - 8:00 PM,TALBOT GYM 30 LINDEN ST EXETER 03833,11/03/2026-STATE GENERAL ELECTION
FARMINGTON WARD 01,SAMUEL S JEROME,356 MAIN STREET FARMINGTON 03835,603-755-3657,603-755-9934,TCTC@FARMINGTON.NH.US,WWW.FARMINGTON.NH.US,,,,
FITZWILLIAM,HEIDI L WOOD,PO BOX 725 FITZWILLIAM 03447,603-585-7214,603-585-7744,FITZCLERK@FITZWILLIAM-NH.GOV,WWW.FITZWILLIAM-NH.GOV,,,,
FRANCESTOWN,PAMELA A FINNELL,27 MAIN STREET FRANCESTOWN 03043,603-547-6251,603-547-2622,CLERKANDTAX@FRANCESTOWNNH.ORG,WWW.FRANCESTOWNNH.ORG,,,,
FRANCONIA,CAROL FRANCES WILLS,PO BOX 900 FRANCONIA 03580,603-823-5237,603-823-5581,TOWNCLERK@FRANCONIANH.GOV,WWW.FRANCONIANH.ORG,8:00 AM - 7:00 PM,1:00 - 8:00,FRANCONIA TOWN HALL 421 MAIN ST FRANCONIA 03580,11/03/2026-STATE GENERAL ELECTION
FRANKLIN WARD 01,MICHELLE STANYAN,316 CENTRAL STREET FRANKLIN 03235,603-934-3109,603-934-7413,MSTANYAN@FRANKLINNH.GOV,WWW.FRANKLINNH.GOV,,,,
FRANKLIN WARD 02,MICHELLE STANYAN,316 CENTRAL STREET FRANKLIN 03235,603-934-3109,603-934-7413,MSTANYAN@FRANKLINNH.GOV,WWW.FRANKLINNH.GOV,,,,
FRANKLIN WARD 03,MICHELLE STANYAN,316 CENTRAL STREET FRANKLIN 03235,603-934-3109,603-934-7413,MSTANYAN@FRANKLINNH.GOV,WWW.FRANKLINNH.GOV,,,,
FREEDOM,A ELIZABETH PRIEBE,PO BOX 457 FREEDOM 03836,603-539-8269,603-539-8270,FREEDOMTOWNCLERK@TOWNOFFREEDOMNH.GOV,WWW.TOWNOFFREEDOMNH.GOV,8:00 AM - 7:00 PM,8:00 AM - 7:00 PM,FREEDOM ELEMENTARY SCHOOL 40 LOON LAKE RD FREEDOM 03836,11/03/2026-STATE GENERAL ELECTION
FREMONT,DEBORAH A CAPUTO,PO BOX 120 FREMONT 03044,603-895-8693,603-895-3149,CLERKCOLLECTOR@FREMONT.NH.GOV,WWW.FREMONT.NH.GOV,7:00 AM - 8:00 PM,7:00 AM - 8:00 PM,ELLIS SCHOOL 432 MAIN ST FREMONT 03044,11/03/2026-STATE GENERAL ELECTION
GILFORD,DANIELLE LAFOND,47 CHERRY VALLEY RD GILFORD 03249,603-527-4713,603-527-4719,DLAFOND@GILFORDNH.GOV,HTTP://WWW.GILFORDNH.GOV,,,,
GILMANTON,ELISE N SMITH,PO BOX 550 GILMANTON 03237,603-267-6726,603-267-6701,TCTX@GILMANTONNH.GOV,WWW.GILMANTONNH.GOV,,,,
GILSUM,DEBRA REILLY,650 NH Route 10 GILSUM 03448,603-357-0320,Not Applicable,TOWNCLERK@GILSUM-NH.GOV,HTTPS://GILSUM-NH.GOV/,8:00 AM - 7:00 PM,1:00 PM - 6:00 PM,GILSUM COMMUNITY CENTER 640 ROUTE 10 GILSUM 03448,11/03/2026-STATE GENERAL ELECTION
GOFFSTOWN WARD 01,JENNIFER E SULLIVAN,16 MAIN STREET GOFFSTOWN 03045,603-497-8990,603-497-5710,JSULLIVAN@GOFFSTOWNNH.GOV,WWW.GOFFSTOWNNH.GOV,7:00 AM - 7:00 PM,7:00 AM - 7:00 PM,GOFFSTOWN HIGH SCHOOL 27 WALLACE RD GOFFSTOWN 03045,11/03/2026-STATE GENERAL ELECTION
GOFFSTOWN WARD 05,JENNIFER E SULLIVAN,16 MAIN STREET GOFFSTOWN 03045,603-497-8990,603-497-5710,JSULLIVAN@GOFFSTOWNNH.GOV,WWW.GOFFSTOWNNH.GOV,7:00 AM - 7:00 PM,7:00 - 7:00 PM,BARTLETT ELEMENTARY SCHOOL 689 MAST RD GOFFSTOWN 03102,11/03/2026-STATE GENERAL ELECTION
GORHAM,SUSAN VALLIERE,20 PARK STREET GORHAM 03581,603-466-9434,Not Applicable,SVALLIERE@GORHAMNH.GOV,WWW.GORHAMNH.GOV,8:00 AM - 7:00 PM,10:00 AM - 6:00 PM,GORHAM TOWN HALL 20 PARK ST GORHAM 03581,11/03/2026-STATE GENERAL ELECTION
GOSHEN,CINDY L WILLIAMS,PO BOX 58 GOSHEN 03752,603-863-5655,Not Applicable,TOWNOFGOSHEN@GOSHENNH.ORG,WWW.GOSHENNH.ORG,,,,
GRAFTON,BONNIE J HAUBRICH,PO BOX 277 GRAFTON 03240,603-523-7270,603-523-4986,GRAFTONTC2008@HOTMAIL.COM,WWW.TOWNOFGRAFTONNH.COM,,,,
GRANTHAM,KENNETH BYRD STORY,PO BOX 135 GRANTHAM 03753,603-863-5608,603-863-4499,kstory@granthamnh.gov,WWW.GRANTHAMNH.GOV,,,,
GREENFIELD,DORENE E ADAMS,PO BOX 256 GREENFIELD 03047,603-547-2782,Not Applicable,TOWNCLERK@GREENFIELD-NH.GOV,WWW.GREENFIELD-NH.GOV,8:00 AM - 7:00 PM,10:00 AM - 7:00 PM,GREENFIELD MEETING HOUSE 776 FOREST RD GREENFIELD 03047,11/03/2026-STATE GENERAL ELECTION
GREENLAND,AMY KATHERINE BAUER,11 TOWN SQUARE GREENLAND 03840,603-431-7111,603-430-3761,ABAUER@GREENLAND.NH.GOV,WWW.GREENLAND.NH.GOV,8:00 AM - 7:00 PM,8:00 AM - 7:00 PM,GREENLAND CENTRAL SCHOOL 70 POST RD GREENLAND 03840,11/03/2026-STATE GENERAL ELECTION
GREEN'S GRANT,SUSAN VALLIERE,20 PARK STREET GREEN'S GRANT 03581,603-466-9434,603-466-2744,SVALLIERE@GORHAMNH.GOV,WWW.GORHAMNH.GOV,8:00 AM - 7:00 PM,10:00 AM - 06:00 PM,GORHAM TOWN HALL 20 PARK ST GREEN'S GRANT 03581,11/03/2026-STATE GENERAL ELECTION
GREENVILLE,MELISSA DESROSIERS,46 MAIN ST GREENVILLE 03048,603-878-4155,603-878-4951,CLERK-COLLECTOR@COMCAST.NET,WWW.GREENVILLENH.ORG,8:00 AM - 7:00 PM,8:00 AM - 7:00 PM,GREENVILLE ELEMENTARY SCHOOL 16 ADAMS ST GREENVILLE 03048,11/03/2026-STATE GENERAL ELECTION
GROTON,RUTH ELAINE MILLETT,754 NORTH GROTON ROAD GROTON 03241,603-744-8849,603-744-8803,TOWNCLERK@GROTONNH.ORG,GROTONNH.ORG,,,,
HADLEY'S PURCHASE,CHRISTINA ZORNIO,20 PARK ST HADLEY'S PURCHASE,603-466-2744,603-466-2744,CZORNIO@GORHAMNH.ORG,Not Applicable,,,,
HALE'S LOCATION,CHERYL ANN NEALLEY,56 TOWN HALL RD HALE'S LOCATION 03845,603-356-2300,603-356-2300,TOWNCLERK@TOWNOFBARTLETTNH.ORG,WWW.TOWNOFBARTLETTNH.ORG,08:00 AM - 07:00 PM,08:00 AM - 07:00 PM,BARTLETT ELEMENTARY 1313 US ROUTE 302 BARTLETT - FOR POLLING LOCATION ONLY BARTLETT 03812,11/03/2026-STATE GENERAL ELECTION
HAMPSTEAD,PATRICIA CURRAN,PO BOX 298 HAMPSTEAD 03841,603-329-4100,Not Applicable,TOWNCLERK@HAMPSTEADNH.US,WWW.HAMPSTEADNH.US,,,,
HAMPTON,CHERYL ANN HILDRETH,100 WINNACUNNET ROAD HAMPTON 03842,603-926-0406,603-929-5917,TOWNCLERK@HAMPTONNH.GOV,HAMPTONNH.GOV,7:00 AM - 8:00 PM,7:00 AM - 8:00 PM,WINNACUNNET HIGH SCHOOL CAFETERIA 1 ALUMNI DR HAMPTON 03842,11/03/2026-STATE GENERAL ELECTION
HAMPTON FALLS,STEPHANIE E GRANT,1 DRINKWATER ROAD HAMPTON FALLS 03844,603-926-4618,603-926-1848,TOWNCLERKCOLLECT@HAMPTONFALLS.ORG,WWW.HAMPTONFALLS.ORG,,,,
HANCOCK,JOAN JOSEPH,PO BOX 6 HANCOCK 03449,603-525-4441,603-525-4427,CLERK@HANCOCKNH.GOV,WWW.HANCOCKNH.ORG,08:00 AM - 07:00 PM,08:00 AM - 07:00 PM,MEEETINGHOUSE 41 MAIN ST HANCOCK 03449,11/03/2026-STATE GENERAL ELECTION
HANOVER,TRACY WALSH,PO BOX 483 HANOVER 03755,603-640-3200,603-643-1720,TOWNCLERK@HANOVERNH.ORG,WWW.HANOVERNH.ORG,07:00 AM - 07:00 PM,07:00 AM - 07:00 PM,HANOVER HIGH SCHOOL 41 LEBANON ST HANOVER 03755,11/03/2026-STATE GENERAL ELECTION
HARRISVILLE,CATHERINE LOVAS,PO BOX 284 HARRISVILLE 03450,603-827-5546,603-827-2917,TOWNCLERK@HARRISVILLENH.ORG,WWW.HARRISVILLENH.ORG,8:00 AM - 7:00 PM,11:00 AM - 7:00 PM,TOWN OFFICES 705 CHESHAM RD HARRISVILLE 03450,11/03/2026-STATE GENERAL ELECTION
HART'S LOCATION,KATHLEEN LANDRY,PO BOX 540 HART'S LOCATION 03812,603-374-6397,Not Applicable,HARTSLOCATIONTC@GMAIL.COM,HARTSLOCATION.COM,11:00AM - 7:00PM,11:00AM - 7:00PM,NOTCHLAND INN 2 MOREY RD HART'S LOCATION 03812,11/03/2026-STATE GENERAL ELECTION
HAVERHILL,LINDSAY M JOHNK,2975 DARTMOUTH COLLEGE HWY HAVERHILL 03774,603-787-6200,603-787-2226,TOWNCLERK@HAVERHILL-NH.COM,WWW.HAVERHILL-NH.COM,8:00 AM - 7:00 PM,8:00 AM - 6:00 PM,TOWN MUNICIPAL BUILDING 2975 DARTMOUTH COLLEGE HWY HAVERHILL 03774,11/03/2026-STATE GENERAL ELECTION
HEBRON,TRACEY STEENBERGEN,PO BOX 55 HEBRON 03241,603-744-7999,603-744-5330,CLERK@HEBRONNH.GOV,HEBRONNH.GOV,11:00 AM - 7:00 PM,11:00 AM - 7:00 PM,PUBLIC SAFETY BUILDING 37 GROTON RD HEBRON 03241,11/03/2026-STATE GENERAL ELECTION
HENNIKER,DEBORAH C AUCOIN,18 DEPOT HILL ROAD HENNIKER 03242,603-428-3240,603-428-4366,DEB.AUCOIN@HENNIKERNH.GOV,WWW.HENNIKER.ORG,7:00 AM - 7:00 PM,7:00 AM - 7:00 PM,HENNIKER COMMUNITY SCHOOL 51 WESTERN AVE HENNIKER 03242,11/03/2026-STATE GENERAL ELECTION
HILL,SHELLY J HENRY,30 CRESCENT STREET #2 HILL 03243,603-934-3951,603-934-2011,HILLTWNCLK@COMCAST.NET,WWW.TOWNOFHILLNH.ORG,,,,
HILLSBOROUGH,DEBORAH J MCDONALD,PO BOX 1699 HILLSBOROUGH 03244,603-464-3877,603-464-4270,DEBBIE@HILLSBOROUGHNH.NET,WWW.TOWN.HILLSBOROUGH.NH.US,,,,
HINSDALE,JULIE M SEYMOUR,PO Box 637 HINSDALE 03451,603-336-5719,603-336-5711,JSEYMOUR@HINSDALENH.ORG,WWW.TOWN.HINSDALE.NH.US,,,,
HOLDERNESS,JAMI W WHITE-LYFORD,PO BOX 203 HOLDERNESS 03245,603-968-7536,603-968-9954,TCTC@HOLDERNESS-NH.GOV,WWW.HOLDERNESS-NH.GOV,8:00 AM - 7:00 PM,10:00 AM - 7:00 PM,HOLDERNESS TOWN HALL 1089 US RT 3 HOLDERNESS 03245,11/03/2026-STATE GENERAL ELECTION
HOLLIS,DIANE T LEAVITT,3 MARKETPLACE G HOLLIS 03049,603-465-2064,Not Applicable,TOWNCLERK@HOLLISNH.ORG,WWW.HOLLISNH.ORG,7:00 AM - 7:00 PM,07:00 AM - 07:00 PM,HOLLIS/BROOKLINE CO-OPERATIVE HIGH SCHOOL 24 CAVALIER CT HOLLIS 03049,11/03/2026-STATE GENERAL ELECTION
HOOKSETT,KARINA TOWNE,35 MAIN STREET HOOKSETT 03106,603-419-4004,603-419-4000,KTOWNE@HOOKSETT.GOV,WWW.HOOKSETT.GOV,,,,
HOPKINTON,EMILY A CERIELLO,330 MAIN ST HOPKINTON 03229,603-746-3180,Not Applicable,TCTC@HOPKINTON-NH.GOV,WWW.HOPKINTON-NH.GOV,7:00 AM - 7:00 PM,7:00 AM - 7:00 PM,HOPKINTON HIGH SCHOOL 297 PARK AVE HOPKINTON 03229,11/03/2026-STATE GENERAL ELECTION
HUDSON WARD 01,EMILIE LECLERC,12 SCHOOL STREET HUDSON 03051,603-816-1279,603-816-1292,ELECLERC@HUDSONNH.GOV,WWW.HUDSONNH.GOV,7:00 AM - 8:00 PM,7:00 AM - 8:00 PM,HUDSON MEMORIAL SCHOOL 1 MEMORIAL DR HUDSON 03051,11/03/2026-STATE GENERAL ELECTION
HUDSON WARD 02,EMILIE LECLERC,12 SCHOOL STREET HUDSON 03051,603-816-1279,603-816-1292,ELECLERC@HUDSONNH.GOV,WWW.HUDSONNH.GOV,7:00 AM - 8:00 PM,7:00 AM - 8:00 PM,ALVIRNE HIGH SCHOOL 200 DERRY RD HUDSON 03051,11/03/2026-STATE GENERAL ELECTION
JACKSON,KAREN ELIZABETH BURTON,PO BOX 336 JACKSON 03846,603-383-4223,603-383-6980,JXNTCTC@JACKSON-NH.GOV,WWW.JACKSON-NH.GOV,8:00 AM - 7:00 PM,8:00 AM - 7:00 PM,WHITNEY COMMUNITY CENTER 16 BLACK MOUNTAIN RD JACKSON 03846,11/03/2026-STATE GENERAL ELECTION
JAFFREY,KELLY ROLLINS,28 MAIN ST JAFFREY 03452,603-532-7861,603-532-7862,KROLLINS@TOWNOFJAFFREY.COM,WWW.TOWNOFJAFFREY.COM,7:00AM - 7:00PM,7:00AM - 7:00PM,PRATT AUDITORIUM 10 CONANT WAY JAFFREY 03452,11/03/2026-STATE GENERAL ELECTION
JEFFERSON,JENNIFER M KENISON,PO BOX 81 JEFFERSON 03583,603-586-7059,603-586-7102,TOWNCLERK@JEFFERSONNH.ORG,WWW.JEFFERSONNH.ORG,8:00 AM - 7:00 PM,NOON - 8:00 PM,JEFFERSON COMMUNITY CENTER 178 MEADOWS RD JEFFERSON 03583,11/03/2026-STATE GENERAL ELECTION
KEENE WARD 01,TERRI MARTIN HOOD,3 WASHINGTON STREET KEENE 03431,603-352-0133,603-283-5653,KEENEVOTES@KEENENH.GOV,WWW.KEENENH.GOV,8:00 AM - 7:00 PM,8:00 AM - 7:00 PM,MICHAEL E.J. BLASTOS COMMUNITY ROOM 400 MARLBORO ST KEENE 03431,11/03/2026-STATE GENERAL ELECTION
KEENE WARD 02,TERRI MARTIN HOOD,3 WASHINGTON STREET KEENE 03431,603-352-0133,603-283-5653,KEENEVOTES@KEENENH.GOV,WWW.KEENENH.GOV,8:00 AM - 7:00 PM,8:00 AM - 7:00 PM,KEENE PARKS AND RECREATION CENTER 312 WASHINGTON ST KEENE 03431,11/03/2026-STATE GENERAL ELECTION
KEENE WARD 03,TERRI MARTIN HOOD,3 WASHINGTON STREET KEENE 03431,603-352-0133,603-283-5653,KEENEVOTES@KEENENH.GOV,WWW.KEENENH.GOV,8:00 AM - 7:00 PM,8:00 AM - 7:00 PM,KEENE MIDDLE SCHOOL 167 MAPLE AVE KEENE 03431,11/03/2026-STATE GENERAL ELECTION
KEENE WARD 04,TERRI MARTIN HOOD,3 WASHINGTON STREET KEENE 03431,603-352-0133,603-283-5653,KEENEVOTES@KEENENH.GOV,WWW.KEENENH.GOV,8:00 AM - 7:00 PM,8:00 AM - 7:00 PM,SYMONDS SCHOOL 79 PARK AVE KEENE 03431,11/03/2026-STATE GENERAL ELECTION
KEENE WARD 05,TERRI MARTIN HOOD,3 WASHINGTON STREET KEENE 03431,603-352-0133,603-283-5653,KEENEVOTES@KEENENH.GOV,WWW.KEENENH.GOV,8:00 AM - 7:00 PM,8:00 AM - 7:00 PM,MONADNOCK COVENANT CHURCH 90 BASE HILL RD KEENE 03431,11/03/2026-STATE GENERAL ELECTION
KENSINGTON,SARAH WIGGIN,95 AMESBURY RD KENSINGTON 03833,603-772-5423,603-772-6841,TOWNCLERK@KENSINGTONNH.GOV,WWW.KENSINGTONNH.GOV,,,,
KILKENNY,JENNIFER MAE KENISON,178 MEADOWS ROAD KILKENNY 03583,603-586-7059,603-586-7102,TOWNCLERK@JEFFERSONNH.ORG,Not Applicable,,,,
KINGSTON,TAMMY LOUISE BAKIE,163 main street KINGSTON 03848,603-642-3112,Not Applicable,TOWNCLERK@KINGSTONNH.ORG,WWW.KINGSTONNH.ORG,08:00AM - 08:00PM,08:00AM - 08:00PM,SANBORN REGIONAL HIGH SCHOOL GYM 17 DANVILLE RD KINGSTON 03848,11/03/2026-STATE GENERAL ELECTION
LACONIA WARD 01,KATIE GARGANO,PO BOX 489 LACONIA 03247,603-527-1265,603-524-1766,CITYCLERK@LACONIANH.GOV,WWW.LACONIANH.GOV,7:00 AM - 7:00 PM,08:00 AM - 06:00 PM,CHURCH OF JESUS CHRIST LATTER DAY SAINTS 1244 OLD NORTH MAIN ST LACONIA 03246,11/03/2026-STATE GENERAL ELECTION
LACONIA WARD 02,KATIE GARGANO,PO BOX 489 LACONIA 03247,603-527-1265,603-524-1766,CITYCLERK@LACONIANH.GOV,WWW.LACONIANH.GOV,7:00 AM - 7:00 PM,08:00 AM - 6:00 PM,ST ANDRE BESSETTE PARISH HALL 31 GILFORD AVE LACONIA 03246,11/03/2026-STATE GENERAL ELECTION
LACONIA WARD 03,KATIE GARGANO,PO BOX 489 LACONIA 03247,603-527-1265,603-524-1766,CITYCLERK@LACONIANH.GOV,WWW.LACONIANH.GOV,7:00 AM - 7:00 PM,8:00AM - 6:00PM,LACONIA MIDDLE SCHOOL - MULTI-PURPOSE ROOM 150 MCGRATH ST LACONIA 03246,11/03/2026-STATE GENERAL ELECTION
LACONIA WARD 04,KATIE GARGANO,PO BOX 489 LACONIA 03247,603-527-1265,603-524-1766,CITYCLERK@LACONIANH.GOV,WWW.LACONIANH.GOV,7:00 AM - 7:00 PM,08:00 AM - 06:00 PM,NEW COVENANT CHURCH @ MEMORIAL PARK CLUBHOUSE 31 LINDSAY CT LACONIA 03246,"11/03/2026-LACONIA MUNICIPAL SCHOOL ELECTION, 11/03/2026-STATE GENERAL ELECTION"
LACONIA WARD 05,KATIE GARGANO,PO BOX 489 LACONIA 03247,603-527-1265,603-524-1766,CITYCLERK@LACONIANH.GOV,WWW.LACONIANH.GOV,7:00 AM - 7:00 PM,08:00 AM - 06:00 PM,WOODLAND HEIGHTS ELEMENTARY SCHOOL 225 WINTER ST LACONIA 03246,"11/03/2026-LACONIA MUNICIPAL SCHOOL ELECTION, 11/03/2026-STATE GENERAL ELECTION"
LACONIA WARD 06,KATIE GARGANO,PO BOX 489 LACONIA 03247,603-527-1265,603-524-1766,CITYCLERK@LACONIANH.GOV,WWW.LACONIANH.GOV,7:00 AM - 7:00 PM,08:00 AM - 06:00 PM,LEAVITT PARK CLUBHOUSE 334 ELM ST LACONIA 03246,11/03/2026-STATE GENERAL ELECTION
LANCASTER,CHARITY M BAKER,25 MAIN STREET LANCASTER 03584,603-788-3391,Not Applicable,TOWNCLERK@LANCASTERNH.ORG,HTTPS://LANCASTERNH.ORG,,,,
LANDAFF,CATHERINE A FERONY,12 CENTER HILL ROAD LANDAFF 03585,603-838-6220,Not Applicable,TOWNCLERK@LANDAFFNH.ORG,WWW.LANDAFFNH.ORG,11:00 AM - 7:00 PM,11:00 AM - 7:00 PM,LANDAFF TOWN HALL 12 CENTER HILL RD LANDAFF 03585,11/03/2026-STATE GENERAL ELECTION
LANGDON,KATHRYN R COMEAU,122 NH ROUTE 12A 1 LANGDON 03602,603-835-2389,603-835-6055,LANGDONTOWNCLERK@GMAIL.COM,LANGDONNH.ORG/,,,,
LEBANON WARD 01,JASEYA GIRONA EWING,51 NORTH PARK STREET LEVEL 2 LEBANON 03766,603-448-3054,Not Applicable,JASEYA.EWING@LEBANONNH.GOV,LEBANONNH.GOV,7:00 AM - 7:00 PM,7:00 AM - 7:00 PM,SAU ADMINISTRATIVE BUILDING 20 SEMINARY HILL RD WEST LEBANON 03784,11/03/2026-STATE GENERAL ELECTION
LEBANON WARD 02,JASEYA GIRONA EWING,51 NORTH PARK STREET LEVEL 2 LEBANON 03766,603-448-3054,Not Applicable,JASEYA.EWING@LEBANONNH.GOV,LEBANONNH.GOV,7:00 AM - 7:00 PM,7:00 AM - 7:00 PM,UNITED METHODIST CHURCH OF LEBANON 18 SCHOOL ST LEBANON 03766,11/03/2026-STATE GENERAL ELECTION
LEBANON WARD 03,JASEYA GIRONA EWING,51 NORTH PARK STREET LEVEL 2 LEBANON 03766,603-448-3054,Not Applicable,JASEYA.EWING@LEBANONNH.GOV,LEBANONNH.GOV,7:00 AM - 7:00 PM,7:00 AM - 7:00 PM,CITY HALL COUNCIL CHAMBERS 51 NORTH PARK ST LEBANON 03766,11/03/2026-STATE GENERAL ELECTION
LEE,SHANNON L JAMES-BROWN,249 CALEF HIGHWAY LEE 03861,603-659-2964,603-659-7202,SJAMESBROWN@LEENH.ORG,WWW.LEENH.ORG,7:00 AM - 7:00 PM,7:00 AM - 7:00 PM,MAST WAY ELEMENTARY SCHOOL 23 MAST RD LEE 03861,11/03/2026-STATE GENERAL ELECTION
LEMPSTER,KAYLA M BREHIO,856 NH ROUTE 10 LEMPSTER 03605,603-863-3213,603-863-8105,TOWNCLERK@LEMPSTERNH.ORG,WWW.LEMPSTERNH.ORG,8:00 AM - 7:00 PM,8:00AM - 7:00PM,MEETING HOUSE 112 LEMPSTER ST LEMPSTER 03605,11/03/2026-STATE GENERAL ELECTION
LINCOLN,KRISTYN BROPHY,PO BOX 39 LINCOLN 03251,603-745-8971,603-745-6743,TOWNCLERK@LINCOLNNH.GOV,WWW.LINCOLNNH.GOV,8:00 AM - 7:00 PM,10:00AM - 6:00PM,LINCOLN TOWN HALL 148 MAIN ST LINCOLN 03251,11/03/2026-STATE GENERAL ELECTION
LISBON,AUDREY CHAMPAGNE,153 South Main Street LISBON 03585,603-838-2862,603-912-2101,TOWNCLERK@LISBONNH.ORG,LISBONNH.ORG,8:00 AM - 7:00 PM,08:00 AM - 7:00 PM,LISBON FIRE/EMS STATION 153 S MAIN ST LISBON 03585,11/03/2026-STATE GENERAL ELECTION
LITCHFIELD,THERESA L BRIAND,2 LIBERTY WAY LITCHFIELD 03052,603-424-4045,603-424-3014,TBRIAND@LITCHFIELDNH.GOV,WWW.LITCHFIELDNH.GOV,7:00 AM - 7:00 PM,7:00 AM - 7:00 PM,CAMPBELL HIGH SCHOOL 1 HIGHLANDER CT LITCHFIELD 03052,11/03/2026-STATE GENERAL ELECTION
LITTLETON,ANGELA BROUSSEAU,"125 MAIN ST, SUITE 202 LITTLETON 03561",603-575-9163,603-444-0735,ABROUSSEAU@LITTLETONNH.GOV,WWW.TOWNOFLITTLETON.ORG,,,,
LIVERMORE,KRISTYN DAIGLE-BROPHY,148 MAIN ST LIVERMORE 03251,603-745-8971,603-745-6743,TOWNCLERK@LINCOLNNH.GOV,Not Applicable,,,,
LONDONDERRY,SHARON ANN FARRELL,268B MAMMOTH RD LONDONDERRY 03053,603-432-1100,603-421-9617,SFARRELL@LONDONDERRYNH.ORG,WWW.LONDONDERRYNH.ORG,6:00 AM - 8:00 PM,6:00 AM - 8:00 PM,LONDONDERRY HIGH SCHOOL GYM 295 MAMMOTH RD LONDONDERRY 03053,11/03/2026-STATE GENERAL ELECTION
LOUDON,ASHLEY ELIZABETH SIMONDS,55 SOUTH VILLAGE RD LOUDON 03307,603-798-4542,603-798-3539,TOWNCLERK@LOUDONNH.ORG,WWW.LOUDONNH.ORG,,,,
LOW & BURBANKS GRANT,CHRISTINA ZORNIO,20 PARK ST LOW & BURBANKS GRANT 03581,603-466-2744,603-466-2744,CZORNIO@GORHAMNH.ORG,Not Applicable,,,,
LYMAN,BETHANY L CARIGNAN,65 PARKER HILL ROAD LYMAN 03585,603-838-6113,603-838-6818,TCTX@LYMANNH.GOV,WWW.LYMANNH.ORG,8:00 AM - 7:00 PM,11:00 AM - 6:00 PM,LYMAN TOWN HALL 65 PARKER HILL RD LYMAN 03585,11/03/2026-STATE GENERAL ELECTION
LYME,EMILY SHEPARD,PO BOX 342 LYME 03768,603-795-2535,603-795-2117,TOWNCLERK@LYMENH.GOV,WWW.LYMENH.GOV,7:00 AM - 7:00 PM,7:00 AM - 7:00 PM,LYME COMMUNITY GYMNASIUM 35 UNION ST LYME 03768,11/03/2026-STATE GENERAL ELECTION
LYNDEBOROUGH,PATRICIA H SCHULTZ,9 CITIZENS HALL ROAD LYNDEBOROUGH 03082,603-654-5955,603-654-5777,TSCHULTZ@LYNDEBOROUGHNH.US,WWW.LYNDEBOROUGHNH.US,,,,
MADBURY,MORGAN R DAIGLE,13 TOWN HALL RD MADBURY 03823,603-742-5131,603-742-2505,TCMADBURY@COMCAST.NET,HTTP://WWW.MADBURY.GOV,7:00 AM - 7:00 PM,11:00 AM - 7:00 PM,MADBURY TOWN HALL 13 TOWN HALL RD MADBURY 03823,11/03/2026-STATE GENERAL ELECTION
MADISON,MICHAEL R BROOKS,PO BOX 248 MADISON 03849,603-367-9931,603-367-4765,CLERK@MADISON-NH.ORG,WWW.MADISON-NH.ORG,,,,
MANCHESTER WARD 01,MATTHEW NORMAND,1 CITY HALL PLAZA MANCHESTER 03101,603-624-6455,603-624-6481,ELECTIONS@MANCHESTERNH.GOV,WWW.MANCHESTERNH.GOV,6:00 AM - 7:00 PM,6:00 AM - 7:00 PM,WEBSTER SCHOOL 2519 ELM ST MANCHESTER 03104,11/03/2026-STATE GENERAL ELECTION
MANCHESTER WARD 02,MATTHEW NORMAND,1 CITY HALL PLAZA MANCHESTER 03101,603-624-6455,603-624-6481,ELECTIONS@MANCHESTERNH.GOV,WWW.MANCHESTERNH.GOV,6:00 AM - 7:00 PM,6:00 AM - 7:00 PM,SMYTH ROAD SCHOOL 245 BRUCE RD MANCHESTER 03104,11/03/2026-STATE GENERAL ELECTION
MANCHESTER WARD 03,MATTHEW NORMAND,1 CITY HALL PLAZA MANCHESTER 03101,603-624-6455,603-624-6481,ELECTIONS@MANCHESTERNH.GOV,WWW.MANCHESTERNH.GOV,6:00 AM - 7:00 PM,6:00 AM - 7:00 PM,CAROL M. RINES CENTER 1528 ELM ST MANCHESTER 03101,11/03/2026-STATE GENERAL ELECTION
MANCHESTER WARD 04,MATTHEW NORMAND,1 CITY HALL PLAZA MANCHESTER 03101,603-624-6455,603-624-6481,ELECTIONS@MANCHESTERNH.GOV,WWW.MANCHESTERNH.GOV,6:00 AM - 7:00 PM,6:00 AM - 7:00 PM,MCDONOUGH SCHOOL 550 LOWELL ST MANCHESTER 03104,11/03/2026-STATE GENERAL ELECTION
MANCHESTER WARD 05,MATTHEW NORMAND,1 CITY HALL PLAZA MANCHESTER 03101,603-624-6455,603-624-6481,ELECTIONS@MANCHESTERNH.GOV,WWW.MANCHESTERNH.GOV,6:00 AM - 7:00 PM,6:00 AM - 7:00 PM,BEECH STREET SCHOOL 333 BEECH ST MANCHESTER 03103,11/03/2026-STATE GENERAL ELECTION
MANCHESTER WARD 06,MATTHEW NORMAND,1 CITY HALL PLAZA MANCHESTER 03101,603-624-6455,603-624-6481,ELECTIONS@MANCHESTERNH.GOV,WWW.MANCHESTERNH.GOV,6:00 AM - 7:00 PM,6:00 AM - 7:00 PM,MCLAUGHLIN MIDDLE SCHOOL 201 JACK LOVERING DR MANCHESTER 03109,11/03/2026-STATE GENERAL ELECTION
MANCHESTER WARD 07,MATTHEW NORMAND,1 CITY HALL PLAZA MANCHESTER 03101,603-624-6455,603-624-6481,ELECTIONS@MANCHESTERNH.GOV,WWW.MANCHESTERNH.GOV,6:00 AM - 7:00 PM,6:00 AM - 7:00 PM,CARDINAL LACROIX ACADEMY COMMUNITY CENTER 148 BELMONT ST MANCHESTER 03103,11/03/2026-STATE GENERAL ELECTION
MANCHESTER WARD 08,MATTHEW NORMAND,1 CITY HALL PLAZA MANCHESTER 03101,603-624-6455,603-624-6481,ELECTIONS@MANCHESTERNH.GOV,WWW.MANCHESTERNH.GOV,6:00 AM - 7:00 PM,6:00 AM - 7:00 PM,MEMORIAL HIGH SCHOOL 1 CRUSADER WAY MANCHESTER 03103,11/03/2026-STATE GENERAL ELECTION
MANCHESTER WARD 09,MATTHEW NORMAND,1 CITY HALL PLAZA MANCHESTER 03101,603-624-6455,603-624-6481,ELECTIONS@MANCHESTERNH.GOV,WWW.MANCHESTERNH.GOV,6:00 AM - 7:00 PM,6:00 AM - 7:00 PM,BISHOP LEO E. O'NEIL YOUTH CENTER 30 S ELM ST MANCHESTER 03103,11/03/2026-STATE GENERAL ELECTION
MANCHESTER WARD 10,MATTHEW NORMAND,1 CITY HALL PLAZA MANCHESTER 03101,603-624-6455,603-624-6481,ELECTIONS@MANCHESTERNH.GOV,WWW.MANCHESTERNH.GOV,6:00 AM - 7:00 PM,6:00 AM - 7:00 PM,PARKER VARNEY SCHOOL 223 JAMES A POLLOCK DR MANCHESTER 03102,11/03/2026-STATE GENERAL ELECTION
MANCHESTER WARD 11,MATTHEW NORMAND,1 CITY HALL PLAZA MANCHESTER 03101,603-624-6455,603-624-6481,ELECTIONS@MANCHESTERNH.GOV,WWW.MANCHESTERNH.GOV,6:00 AM - 7:00 PM,6:00 AM - 7:00 PM,GOSSLER SCHOOL 145 PARKSIDE AVE MANCHESTER 03102,11/03/2026-STATE GENERAL ELECTION
MANCHESTER WARD 12,MATTHEW NORMAND,1 CITY HALL PLAZA MANCHESTER 03101,603-624-6455,603-624-6481,ELECTIONS@MANCHESTERNH.GOV,WWW.MANCHESTERNH.GOV,6:00 AM - 7:00 PM,6:00 AM - 7:00 PM,NORTHWEST ELEMENTARY SCHOOL 300 YOUVILLE ST MANCHESTER 03102,11/03/2026-STATE GENERAL ELECTION
MARLBOROUGH,KATHLEEN M CHAMBERLAIN,236 MAIN ST MARLBOROUGH 03455,603-876-4529,603-876-4703,TOWNCLERK@MARLBOROUGHNH.ORG,WWW.MARLBOROUGHNH.ORG,8:00 AM - 7:00 PM,1:00PM - 9:00 PM,MARLBOROUGH SCHOOL 41 FITCH CT MARLBOROUGH 03455,11/03/2026-STATE GENERAL ELECTION
MARLOW,NICHOLE WILSON,167 NH RT 123 MARLOW 03456,603-446-2245,603-446-3806,MARLOWCLERK@MARLOWNH.GOV,WWW.MARLOWNH.GOV,,,,
MARTIN'S LOCATION,SUSAN VALLIERE,20 PARK ST MARTIN'S LOCATION 03581,603-466-9434,603-466-2744,SVALLIERE@GORHAMNH.GOV,Not Applicable,8:00 AM - 7:00 PM,-,GORHAM TOWN HALL 20 PARK ST GORHAM - FOR POLLILNG LOCATION ONLY MARTIN'S LOCATION 03581,11/03/2026-STATE GENERAL ELECTION
MASON,DEBRA A MORRISON,16 DARLING HILL RD MASON 03048,603-878-3768,603-878-4892,MASONTOWNCLERK@GMAIL.COM,WWW.MASONNH.US,11:00 AM - 7:00 PM,11:00 AM - 7:00 PM,MASON ELEMENTARY SCHOOL 13 DARLING HILL RD MASON 03048,11/03/2026-STATE GENERAL ELECTION
MEREDITH,KERRI ANN PARKER,41 MAIN STREET MEREDITH 03253,603-677-4203,603-279-1042,KPARKER@MEREDITHNH.GOV,WWW.MEREDITHNH.GOV,7:00 AM - 7:00 PM,7:00 AM - 7:00 PM,MEREDITH COMMUNITY CENTER 1 CIRCLE DR MEREDITH 03253,11/03/2026-STATE GENERAL ELECTION
MERRIMACK WARD 01,BRENDA S DULONG,6 BABOOSIC LAKE ROAD MERRIMACK 03054,603-424-3651,603-423-8539,BSDULONG@MERRIMACKNH.GOV,WWW.MERRIMACKNH.GOV,7:00 AM - 7:00 PM,7:00 AM - 7:00 PM,MERRIMACK HIGH SCHOOL 38 MCELWAIN ST MERRIMACK 03054,11/03/2026-STATE GENERAL ELECTION
MERRIMACK WARD 02,BRENDA S DULONG,6 BABOOSIC LAKE ROAD MERRIMACK 03054,603-424-3651,603-423-8539,BSDULONG@MERRIMACKNH.GOV,WWW.MERRIMACKNH.GOV,7:00 AM - 7:00 PM,7:00 AM - 7:00 PM,MERRIMACK MIDDLE SCHOOL 31 MADELINE BENNETT - POLLING LOCATION ONLY LN MERRIMACK,11/03/2026-STATE GENERAL ELECTION
MIDDLETON,ROY WILLIAM PARECE,182 KINGS HIGHWAY MIDDLETON 03887,603-473-5210,603-473-2450,TCTX@MIDDLETONNH.GOV,WWW.MIDDLETONNH.GOV,,,,
MILAN,DAWN G DUBE,PO BOX 158 MILAN 03588,603-449-3461,603-449-2624,MILANTOWNCLERK@GMAIL.COM,WWW.TOWNOFMILAN.COM,,,,
MILFORD,JOAN MARIE DARGIE,1 UNION SQUARE MILFORD 03055,603-249-0650,603-673-2273,JOAN.DARGIE@MILFORD.NH.GOV,WWW.MILFORD.NH.GOV/,6:00 AM - 8:00 PM,6:00 AM - 8:00 PM,MILFORD HIGH SCHOOL 100 WEST ST MILFORD 03055,11/03/2026-STATE GENERAL ELECTION
MILLSFIELD,CHRISTINE ROSE VIGNEAULT,495 W ROUTE 26 MILLSFIELD 03579,603-344-0117,Not Applicable,CVIGGY613@GMAIL.COM,Not Applicable,,,,
MILTON,BRIAN LECLERC,PO BOX 180 MILTON 03851,603-652-4501,603-652-4120,TOWNCLERKTAXCOLLECTOR@MILTONNH-US.COM,WWW.MILTONNH-US.COM,,,,
MONROE,AUDREY E DIMATTIES,PO BOX 63 MONROE 03771,603-638-2644,603-638-2021,MONROETC@MONROENH.ORG,MONROENH.ORG,8:00 AM - 7:00 PM,12:00 PM - 6:00 PM,MONROE TOWN HALL 50 MAIN ST MONROE 03771,11/03/2026-STATE GENERAL ELECTION
MONT VERNON,BELINDA YEATON,PO BOX 417 MONT VERNON 03057,603-673-9126,Not Applicable,BYEATON@MONTVERNONNH.US,WWW.MONTVERNONNH.US,,,,
MOULTONBOROUGH,JULIA MARCHAND,PO BOX 15 MOULTONBOROUGH 03254,603-476-2347,603-476-2778,TOWNCLERK@MOULTONBOROUGHNH.GOV,WWW.MOULTONBOROUGHNH.GOV,7:00 AM - 7:00 PM,7:00 AM - 7:00 PM,MOULTONBOROUGH ACADEMY 25 BLAKE RD MOULTONBOROUGH 03254,11/03/2026-STATE GENERAL ELECTION
NASHUA WARD 01,DANIEL HEALEY,229 MAIN STREET NASHUA 03060,603-589-3010,603-589-3029,CITYCLERK@NASHUANH.GOV,WWW.NASHUANH.GOV,06:00 AM - 08:00 PM,06:00 AM - 08:00 PM,NASHUA HIGH SCHOOL NORTH 8 TITAN WAY NASHUA 03063,11/03/2026-STATE GENERAL ELECTION
NASHUA WARD 02,DANIEL HEALEY,229 MAIN STREET NASHUA 03060,603-589-3010,603-589-3029,CITYCLERK@NASHUANH.GOV,WWW.NASHUANH.GOV,6:00 AM - 8:00 PM,6:00 AM - 8:00 PM,CHARLOTTE AVENUE ELEMENTARY SCHOOL 48 CHARLOTTE AVE NASHUA 03064,11/03/2026-STATE GENERAL ELECTION
NASHUA WARD 03,DANIEL HEALEY,229 MAIN STREET NASHUA 03060,603-589-3010,603-589-3029,CITYCLERK@NASHUANH.GOV,WWW.NASHUANH.GOV,6:00 A.M. - 8:00 PM,6:00 A.M. - 8:00 PM,AMHERST STREET ELEMENTARY SCHOOL 71 AMHERST ST NASHUA 03064,11/03/2026-STATE GENERAL ELECTION
NASHUA WARD 04,DANIEL HEALEY,229 MAIN STREET NASHUA 03060,603-589-3010,603-589-3029,CITYCLERK@NASHUANH.GOV,WWW.NASHUANH.GOV,6:00 AM - 8:00 PM,6:00 AM - 8:00 PM,LEDGE STREET ELEMENTARY SCHOOL 139 LEDGE ST NASHUA 03060,11/03/2026-STATE GENERAL ELECTION
NASHUA WARD 05,DANIEL HEALEY,229 MAIN STREET NASHUA 03060,603-589-3010,603-589-3029,CITYCLERK@NASHUANH.GOV,WWW.NASHUANH.GOV,6:00 AM - 8:00 PM,6:00 AM - 8:00 PM,NASHUA HIGH SCHOOL SOUTH GYMNASIUM 36 RIVERSIDE ST NASHUA 03062,11/03/2026-STATE GENERAL ELECTION
NASHUA WARD 06,DANIEL HEALEY,229 MAIN STREET NASHUA 03060,603-589-3010,603-589-3029,CITYCLERK@NASHUANH.GOV,WWW.NASHUANH.GOV,6:00 AM - 8:00 PM,6:00 AM - 8:00 PM,FAIRGROUNDS MIDDLE SCHOOL 27 CLEVELAND ST NASHUA 03060,11/03/2026-STATE GENERAL ELECTION
NASHUA WARD 07,DANIEL HEALEY,229 MAIN STREET NASHUA 03060,603-589-3010,603-589-3029,CITYCLERK@NASHUANH.GOV,WWW.NASHUANH.GOV,6:00 AM - 8:00 PM,6:00 AM - 8:00 PM,DR. NORMAN W. CRISP ELEMENTARY SCHOOL 50 ARLINGTON ST NASHUA 03060,11/03/2026-STATE GENERAL ELECTION
NASHUA WARD 08,DANIEL HEALEY,229 MAIN STREET NASHUA 03060,603-589-3010,603-589-3029,CITYCLERK@NASHUANH.GOV,WWW.NASHUANH.GOV,6:00 AM - 8:00 PM,6:00 AM - 8:00 PM,BICENTENNIAL ELEMENTARY SCHOOL 296 EAST DUNSTABLE RD NASHUA 03062,11/03/2026-STATE GENERAL ELECTION
NASHUA WARD 09,DANIEL HEALEY,229 MAIN STREET NASHUA 03060,603-589-3010,603-589-3029,CITYCLERK@NASHUANH.GOV,WWW.NASHUANH.GOV,6:00 AM - 8:00 PM,6:00 AM - 8:00 PM,NEW SEARLES ELEMENTARY SCHOOL 39 SHADY LN NASHUA 03062,11/03/2026-STATE GENERAL ELECTION
NELSON,KAREN CASTELLI,7 NELSON COMMON RD NELSON 03457,603-847-9043,603-847-3197,TOWNCLERK@NELSONNH.US,WWW.TOWNOFNELSON.ORG,8:00 AM - 7:00 PM,11:00 AM - 7:00 PM,NELSON TOWN HALL 3 NELSON COMMON RD NELSON 03457,11/03/2026-STATE GENERAL ELECTION
NEW BOSTON,KIMBERLY A COLBERT,P O BOX 250 NEW BOSTON 03070,603-487-2500,603-487-2975,K.COLBERT@NEWBOSTONNH.GOV,WWW.NEWBOSTONNH.GOV,,,,
NEW CASTLE,ALLISON WHITE,PO BOX 367 NEW CASTLE 03854,603-431-6710,603-433-6198,TOWNCLERK@NEWCASTLE.NH.GOV,WWW.NEWCASTLENH.ORG,9:00 AM - 7:00 PM,9:00 AM - 7:00 PM,NEW CASTLE RECREATION CENTER 301 WENTWORTH RD NEW CASTLE 03854,11/03/2026-STATE GENERAL ELECTION
NEW DURHAM,ALICIA HOUSEL,P.O. BOX 207 NEW DURHAM 03855,603-859-2091,603-859-6644,NDCLERK@NEWDURHAMNH.US,WWW.NEWDURHAMNH.US,,,,
NEW HAMPTON,REGINA M SCHOFIELD,PO BOX 538 NEW HAMPTON 03256,603-744-8454,Not Applicable,TCTX@NEWHAMPTONNH.GOV,WWW.NEWHAMPTONNH.GOV,8:00 AM - 7:00 PM,11:00 AM - 7:00 PM,NEW HAMPTON TOWN HOUSE 86 TOWN HOUSE RD NEW HAMPTON 03256,11/03/2026-STATE GENERAL ELECTION
NEW IPSWICH,LISA MARIE CARBONE,661 TURNPIKE ROAD NEW IPSWICH 03071,603-878-2772,603-878-3855,TOWNCLERKTAX@NEWIPSWICHNH.GOV,WWW.TOWNOFNEWIPSWICH.ORG,,,,
NEW LONDON,WILL KIDDER,375 MAIN STREET NEW LONDON 03257,603-526-1244,603-526-9494,W.KIDDER@NEWLONDON.NH.GOV,NEWLONDON.NH.GOV,7:00 AM - 7:00 PM,7:00 AM - 7:00 PM,WHIPPLE MEMORIAL TOWN HALL 25 SEAMANS RD NEW LONDON 03257,11/03/2026-STATE GENERAL ELECTION
NEWBURY,LINDA JEAN PLUNKETT,PO BOX 253 NEWBURY 03255,603-763-5326,603-763-5298,LINDA@NEWBURYNH.ORG,WWW.NEWBURYNH.ORG,,,,
NEWFIELDS,SUE E MCKINNON,65 MAIN STREET NEWFIELDS 03856,603-772-5070,603-772-9004,SUEMCKINNON@NEWFIELDSNH.GOV,WWW.NEWFIELDSNH.GOV,7:00 AM - 7:00 PM,8:00 AM - 7:00 PM,NEWFIELDS TOWN HALL 65 MAIN ST NEWFIELDS 03856,11/03/2026-STATE GENERAL ELECTION
NEWINGTON,TINA TEHYIN HO WENDELL,205 NIMBLE HILL RD NEWINGTON 03801,603-436-7640,Not Applicable,TINAHW@NEWINGTONNH.GOV,WWW.NEWINGTON.NH.US,8:00 AM - 7:00 PM,11:00 AM - 7:00 PM,NEWINGTON TOWN HALL 205 NIMBLE HILL RD NEWINGTON 03801,11/03/2026-STATE GENERAL ELECTION
NEWMARKET,TERRI J LITTLEFIELD,186 MAIN ST NEWMARKET 03857,603-659-3617,603-659-3441,TLITTLEFIELD@NEWMARKETNH.GOV,WWW.NEWMARKETNH.GOV,,,,
NEWPORT,LISELLE G DUFORT,15 SUNAPEE STREET NEWPORT 03773,603-863-2224,603-863-8008,LDUFORT@NEWPORTNH.GOV,WWW.NEWPORTNH.GOV,08:00 AM - 07:00 PM,08:00 AM - 07:00 PM,NEWPORT COMMUNITY CENTER 17 MEADOW RD NEWPORT 03773,11/03/2026-STATE GENERAL ELECTION
NEWTON,MARY JO MCCULLOUGH,2 TOWN HALL ROAD NEWTON 03858,603-382-4405,603-382-9140,TOWNCLERKTAXCOLLECTOR@NEWTONNH.NET,WWW.NEWTON-NH.GOV,,,,
NORTH HAMPTON,SUSAN M BUCHANAN,237 ATLANTIC AVENUE NORTH HAMPTON 03862,603-964-6029,Not Applicable,SBUCHANAN@NORTHHAMPTON-NH.GOV,WWW.NORTHHAMPTON-NH.GOV,8:00 AM - 7:00 PM,8:00 AM - 7:00 PM,NORTH HAMPTON SCHOOL 201 ATLANTIC AVE NORTH HAMPTON 03862,11/03/2026-STATE GENERAL ELECTION
NORTHFIELD,HEATHER FAILLA,21 SUMMER STREET NORTHFIELD 03276,603-286-4482,603-286-3328,TCTC@NORTHFIELDNH.GOV,WWW.NORTHFIELDNH.ORG,7:00 AM - 7:00 PM,7:00 AM - 7:00 PM,PINES COMMUNITY CENTER 61 SUMMER ST NORTHFIELD 03276,11/03/2026-STATE GENERAL ELECTION
NORTHUMBERLAND,KATHY WILES,19 MAIN STREET NORTHUMBERLAND 03582,603-636-1450,603-636-6098,TCTX@NORTHUMBERLANDNH.GOV,WWW.NORTHUMBERLANDNH.GOV,,,,
NORTHWOOD,MARISA RUSSO,818 FIRST NH TPKE NORTHWOOD 03261,603-942-5586,Not Applicable,MRUSSO@NORTHWOODNH.ORG,WWW.NORTHWOODNH.ORG,7:00 AM - 7:00 PM,7:00 AM - 7:00 PM,NORTHWOOD SCHOOL 511 1ST NH TPKE NORTHWOOD 03261,11/03/2026-STATE GENERAL ELECTION
NOTTINGHAM,ALANA JEANE KENNEY,PO BOX 114 NOTTINGHAM 03290,603-679-9598,Not Applicable,TOWNCLERK@NOTTINGHAM-NH.GOV,WWW.NOTTINGHAM-NH.GOV,,,,
ODELL,DONNA M DEMERS,100 PO Box 100 ODELL 03579,603-482-3351,603-482-3804,ERROLTOWNCLERK@GMAIL.COM,Not Applicable,8:00 AM - 7:00 PM,11:00 AM - 7:00 PM,ERROL TOWN HALL 33 US ROUTE 3 ODELL 03576,11/03/2026-STATE GENERAL ELECTION
ORANGE,TAMARA LYN FAIRBANK,PO BOX 37 ORANGE 03741,603-523-7054,Not Applicable,ORANGENHTOWNCLERK@GMAIL.COM,WWW.ORANGENH.US (UNOFFICIAL COMMUNITY RUN WEBSITE),,,,
ORFORD,DEBORAH M HADLOCK,2529 ROUTE 25A ORFORD 03777,603-353-4404,603-353-4489,TOWNCLERK@ORFORDNH.US,WWW.ORFORDNH.US,,,,
OSSIPEE,KELLIE J SKEHAN,PO BOX 67 OSSIPEE 03814,603-539-2008,Not Applicable,KSKEHAN@OSSIPEE.ORG,WWW.OSSIPEE.ORG,,,,
PELHAM,LINDA YVONNE NEWCOMB,6 VILLAGE GREEN PELHAM 03076,603-508-3076,603-508-3096,TOWNCLERK@PELHAMWEB.COM,WWW.PELHAMWEB.COM,7:00 AM - 8:00 PM,7:00 AM - 8:00 PM,PELHAM HIGH SCHOOL 85 MARSH RD PELHAM 03076,11/03/2026-STATE GENERAL ELECTION
PEMBROKE,JAMES F GOFF,311 PEMBROKE STREET PEMBROKE 03275,603-485-4747,603-485-3967,JGOFF@PEMBROKE-NH.COM,WWW.PEMBROKE-NH.COM,7:00 AM - 7:00 PM,11:00 AM - 7:00 PM,PEMBROKE ACADEMY HIGH SCHOOL 209 ACADEMY RD PEMBROKE 03275,11/03/2026-STATE GENERAL ELECTION
PETERBOROUGH,LINDA M GUYETTE,1 GROVE ST PETERBOROUGH 03458,603-784-5605,603-924-8001,TOWNCLERK@PETERBOROUGHNH.GOV,WWW.PETERBOROUGHNH.GOV,7:00 AM - 7:00 PM,7:00 AM - 7:00 PM,PETERBOROUGH COMMUNITY CENTER 25 ELM ST PETERBOROUGH 03458,11/03/2026-STATE GENERAL ELECTION
PIERMONT,BERNADETTE RATEL,130 ROUTE 10 PIERMONT 03779,603-272-4840,603-272-9182,BERNADETTE.RATEL@TOWNOFPIERMONTNH.ORG,BERNADETTE.RATEL@TOWNOFPIERMONTNH.ORG,,,,
PINKHAM'S GRANT,SUSAN VALLIERE,20 PARK STREET PINKHAM'S GRANT 03581,603-466-9434,603-466-2744,SVALLIERE@GORHAMNH.GOV,Not Applicable,8:00 AM - 7:00 PM,-,GORHAM TOWN HALL-20 PARK STREET GORHAM NH 20 PARK ST PINKHAM'S GRANT 03581,11/03/2026-STATE GENERAL ELECTION
PITTSBURG,MARISE CLAIRE BURNS,1526 MAIN STREET PITTSBURG 03592,603-538-6699,603-538-6697,PITTSBURG1NH@GMAIL.COM,WWW.PITTSBURG-NH.COM,,,,
PITTSFIELD,ERICA ANNE ANTHONY,85 MAIN STREET PITTSFIELD 03263,603-435-6773,603-435-7922,EANTHONY@PITTSFIELDNH.GOV,WWW.PITTSFIELDNH.GOV,,,,
PLAINFIELD,SARAH ELIZABETH TROUT BERMAN,PO BOX 380 PLAINFIELD 03770,603-469-3201,603-469-3642,SBERMAN@PLAINFIELDNH.ORG,WWW.PLAINFIELDNH.ORG,8:00 AM - 7:00 PM,8:00 AM - 7:00 PM,PLAINFIELD ELEMENTARY SCHOOL 92 BONNER RD PLAINFIELD 03770,11/03/2026-STATE GENERAL ELECTION
PLAISTOW,MARTHA L. FOWLER,145 MAIN STREET STE 2 PLAISTOW 03865,603-382-8129,603-382-7183,TOWNCLERK@PLAISTOW.COM,WWW.PLAISTOW.COM,,,,
PLYMOUTH,AIMEE K LEE,6 POST OFFICE SQUARE PLYMOUTH 03264,603-536-1732,603-536-0036,TOWNCLERK@PLYMOUTHNH.GOV,WWW.PLYMOUTHNH.GOV,8:00 AM - 7:00 PM,8:00 AM - 7:00 PM,PLYMOUTH ELEMENTARY SCHOOL 43 OLD WARD BRIDGE RD PLYMOUTH 03264,11/03/2026-STATE GENERAL ELECTION
PORTSMOUTH WARD 01,SALLY A KELLAR,1 JUNKINS AVENUE PORTSMOUTH 03801,603-610-7208,603-610-4158,SAKELLAR@PORTSMOUTHNH.GOV,WWW.CITYOFPORTSMOUTH.COM,8:00 AM - 7:00 PM,8:00 AM - 7:00 PM,NEW FRANKLIN SCHOOL 1 FRANKLIN DR PORTSMOUTH 03801,11/03/2026-STATE GENERAL ELECTION
PORTSMOUTH WARD 02,SALLY A KELLAR,1 JUNKINS AVENUE PORTSMOUTH 03801,603-610-7208,603-610-4158,SAKELLAR@PORTSMOUTHNH.GOV,WWW.CITYOFPORTSMOUTH.COM,8:00 AM - 7:00 PM,8:00 AM - 7:00 PM,MIDDLE SCHOOL 155 PARROTT AVE PORTSMOUTH 03801,11/03/2026-STATE GENERAL ELECTION
PORTSMOUTH WARD 03,SALLY A KELLAR,1 JUNKINS AVENUE PORTSMOUTH 03801,603-610-7208,603-610-4158,SAKELLAR@PORTSMOUTHNH.GOV,WWW.CITYOFPORTSMOUTH.COM,8:00 AM - 7:00 PM,8:00 AM - 7:00 PM,PORTSMOUTH SENIOR ACTIVITY CENTER 125 COTTAGE ST PORTSMOUTH 03801,11/03/2026-STATE GENERAL ELECTION
PORTSMOUTH WARD 04,SALLY A KELLAR,1 JUNKINS AVENUE PORTSMOUTH 03801,603-610-7208,603-610-4158,SAKELLAR@PORTSMOUTHNH.GOV,WWW.CITYOFPORTSMOUTH.COM,8:00 AM - 7:00 PM,8:00 AM - 7:00 PM,DONDERO SCHOOL 32 VAN BUREN AVE PORTSMOUTH 03801,11/03/2026-STATE GENERAL ELECTION
PORTSMOUTH WARD 05,SALLY A KELLAR,1 JUNKINS AVENUE PORTSMOUTH 03801,603-610-7208,603-610-4158,SAKELLAR@PORTSMOUTHNH.GOV,WWW.CITYOFPORTSMOUTH.COM,8:00 AM - 7:00 PM,8:00 AM - 7:00 PM,LITTLE HARBOUR SCHOOL 50 CLOUGH DR PORTSMOUTH 03801,11/03/2026-STATE GENERAL ELECTION
RANDOLPH,ANNE KENISON,130 DURAND ROAD RANDOLPH 03593,603-466-5771,603-466-9856,TOWNCLERK@RANDOLPH.NH.GOV,WWW.RANDOLPH.NH.GOV,,,,
RAYMOND,ALYSSA C RICHARD-ENOS,4 EPPING STREET RAYMOND 03077,603-895-7024,603-895-7064,ARICHARD@RAYMONDNH.GOV,WWW.RAYMONDNH.GOV,,,,
RICHMOND,KAREN A OBRIEN,105 OLD HOMESTEAD HWY RICHMOND 03470,603-239-6202,Not Applicable,OBRIENRICHMONDCLERK@GMAIL.COM,WWW.RICHMOND.NH.GOV,8:00 AM - 7:00 PM,11:00 AM - 7:00 PM,VETERANS MEMORIAL HALL 150 OLD HOMESTEAD HWY RICHMOND 03470,11/03/2026-STATE GENERAL ELECTION
RINDGE,SHANA EICHNER,30 PAYSON HILL ROAD RINDGE 03461,603-899-5181,Not Applicable,TOWNCLERK@RINDGENH.GOV,WWW.RINDGENH.GOV,,,,
ROCHESTER WARD 01,KELLY ANNE WALTERS,150 WAKEFIELD ST STE 10 ROCHESTER 03867,603-332-2130,603-509-1915,CITYCLERK@ROCHESTERNH.GOV,WWW.ROCHESTERNH.GOV,8:00 AM - 7:00 PM,8:00 AM - 7:00 PM,W-1 SALMON FALLS SCHOOL 753 SALMON FALLS RD EAST ROCHESTER 03868,11/03/2026-STATE GENERAL ELECTION
ROCHESTER WARD 02,KELLY ANNE WALTERS,150 WAKEFIELD ST STE 10 ROCHESTER 03867,603-332-2130,603-509-1915,CITYCLERK@ROCHESTERNH.GOV,WWW.ROCHESTERNH.GOV,8:00 AM - 7:00 PM,8:00 AM - 7:00 PM,W-2 CHAMBERLAIN STREET SCHOOL 65 CHAMBERLAIN ST ROCHESTER 03867,11/03/2026-STATE GENERAL ELECTION
ROCHESTER WARD 03,KELLY ANNE WALTERS,150 WAKEFIELD ST STE 10 ROCHESTER 03867,603-332-2130,603-509-1915,CITYCLERK@ROCHESTERNH.GOV,WWW.ROCHESTERNH.GOV,8:00 AM - 7:00 PM,8:00 AM - 7:00 PM,W-3 GONIC ELEMENTARY SCHOOL 10 RAILROAD AVE ROCHESTER 03839,11/03/2026-STATE GENERAL ELECTION
ROCHESTER WARD 04,KELLY ANNE WALTERS,150 WAKEFIELD ST STE 10 ROCHESTER 03867,603-332-2130,603-509-1915,CITYCLERK@ROCHESTERNH.GOV,WWW.ROCHESTERNH.GOV,8:00 AM - 7:00 PM,8:00 AM - 7:00 PM,W-4 MCCLELLAND ELEMENTARY SCHOOL 59 BROCK ST ROCHESTER 03867,11/03/2026-STATE GENERAL ELECTION
ROCHESTER WARD 05,KELLY ANNE WALTERS,150 WAKEFIELD ST STE 10 ROCHESTER 03867,603-332-2130,603-509-1915,CITYCLERK@ROCHESTERNH.GOV,WWW.ROCHESTERNH.GOV,8:00 AM - 7:00 PM,8:00 AM - 7:00 PM,W-5 JAMES W FOLEY MEMORIAL COMMUNITY CENTER - ENTRANCE B 150 WAKEFIELD ST ROCHESTER 03867,11/03/2026-STATE GENERAL ELECTION
ROCHESTER WARD 06,KELLY ANNE WALTERS,150 WAKEFIELD ST STE 10 ROCHESTER 03867,603-332-2130,603-509-1915,CITYCLERK@ROCHESTERNH.GOV,WWW.ROCHESTERNH.GOV,8:00 AM - 7:00 PM,8:00 AM - 7:00 PM,W-6 ELKS LODGE 1393 295 COLUMBUS AVE ROCHESTER 03867,11/03/2026-STATE GENERAL ELECTION
ROLLINSFORD,NANCY MCCAULEY,PO BOX 309 ROLLINSFORD 03869,603-742-2510,603-740-0254,CLERK@ROLLINSFORD.NH.US,WWW.ROLLINSFORD.NH.US,,,,
ROXBURY,ROBIN LEIGH BUFFUM,562 MIDDLETOWN ROAD ROXBURY 03431,603-499-3041,Not Applicable,ROXBURYTOWNCLERK@YAHOO.COM,WWW.ROXBURYNH.ORG,11:00 AM - 7:00 PM,6:00 PM - 8:30 PM,ROXBURY TOWN HALL 3 MIDDLETOWN RD ROXBURY 03431,11/03/2026-STATE GENERAL ELECTION
RUMNEY,DAWN J COFFEY,PO BOX 275 RUMNEY 03266,603-786-2237,603-786-2237,TOWNCLERK@RUMNEYNH.ORG,WWW.RUMNEYNH.ORG,,,,
RYE,AMY E THIBODEAU,500 WASHINGTON RD RYE 03870,603-964-8562,603-964-1587,ATHIBODEAU@TOWN.RYE.NH.US,WWW.TOWN.RYE.NH.US,8:00 AM - 7:00 PM,8:00 AM - 7:00 PM,RYE ELEMENTARY SCHOOL 461 SAGAMORE RD RYE 03870,11/03/2026-STATE GENERAL ELECTION
SALEM WARD 01,NICOLE L MORSE,33 GEREMONTY DR SALEM 03079,603-890-2116,603-685-6402,NMORSE@SALEMNH.GOV,SALEMNH.GOV,,,,
SALEM WARD 02,NICOLE L MORSE,33 GEREMONTY DR SALEM 03079,603-890-2116,603-685-6402,NMORSE@SALEMNH.GOV,SALEMNH.GOV,,,,
SALEM WARD 03,NICOLE L MORSE,33 GEREMONTY DR SALEM 03079,603-890-2116,603-685-6402,NMORSE@SALEMNH.GOV,SALEMNH.GOV,,,,
SALEM WARD 04,NICOLE L MORSE,33 GEREMONTY DR SALEM 03079,603-890-2116,603-685-6402,NMORSE@SALEMNH.GOV,SALEMNH.GOV,,,,
SALISBURY,BEVERLEY TILLEY,PO BOX 2 SALISBURY 03268,603-648-6322,603-648-6658,TCLERKSALISBURY@GMAIL.COM,WWW.SALISBURYNH.ORG,8:00 AM - 7:00 PM,11:00 AM - 7:00 PM,SALISBURY TOWN HALL 645 OLD TURNPIKE RD SALISBURY 03268,11/03/2026-STATE GENERAL ELECTION
SANBORNTON,JULIANA ALANE LONERGAN,PO BOX 124 SANBORNTON 03269,603-286-4034,603-286-9544,TCTC@SANBORNTONNH.ORG,WWW.SANBORNTONNH.ORG,07:00AM - 07:00PM,07:00AM - 07:00PM,OLD TOWN HALL 19 MEETING HOUSE HILL RD SANBORNTON 03269,11/03/2026-STATE GENERAL ELECTION
SANDOWN,TANYA GAYNOR,PO BOX 583 SANDOWN 03873,603-887-4870,603-887-5163,TGAYNOR@SANDOWN.US,WWW.SANDOWN.US,,,,
SANDWICH,ALISON JULIA GAGE,PO BOX 194 SANDWICH 03227,603-284-7113,603-284-6819,TCTC@SANDWICHNH.ORG,SANDWICHNH.ORG,8:00 AM - 7:00 PM,10:00 AM - 7:00 PM,SANDWICH TOWN HALL 8 MAPLE ST SANDWICH 03227,11/03/2026-STATE GENERAL ELECTION
SARGENT'S PURCHASE,CHRISTINA ZORNIO,20 PARK STREET SARGENT'S PURCHASE 03581,603-466-2744,603-466-2744,CZORNIO@GORHAMNH.ORG,WWW.GORHAMNH.ORG,,,,
SEABROOK,SHAYNA D MERRILL,99 LAFAYETTE RD SEABROOK 03874,603-474-3152,Not Applicable,SMERRILL@SEABROOKNH.ORG,WWW.SEABROOKNH.INFO,,,,
SECOND COLLEGE GRANT,DONNA M DEMERS,PO BOX 100 SECOND COLLEGE GRANT 03579,603-482-3351,603-482-3804,ERROLTOWNCLERK@GMAIL.COM,Not Applicable,8:00 AM - 7:00 PM,11:00 AM - 7:00 PM,ERROL TOWN HALL 33 MAIN STREET ERROL - FOR POLLING PLACE ONLY SECOND COLLEGE GRANT 03579,11/03/2026-STATE GENERAL ELECTION
SHARON,DIANNE E MITCHELL,432 NH RTE 123 SHARON 03458,603-924-9250,Not Applicable,TOWNCLERK@SHARONNH.GOV,WWW.SHARONNH.GOV,,,,
SHELBURNE,LEONA KEALTY,74 VILLAGE ROAD SHELBURNE 03581,603-466-2262,603-466-5271,TCTX@TOWNOFSHELBURNENH.GOV,WWW.TOWNOFSHELBURNENH.GOV,,,,
SOMERSWORTH WARD 01,KRISTEN LAPANNE,1 GOVERNMENT WAY SOMERSWORTH 03878,603-692-9511,603-692-9574,KLAPANNE@SOMERSWORTHNH.GOV,WWW.SOMERSWORTHNH.GOV,7:00 A.M. - 7:00 P.M.,7:00 A.M. - 7:00 PM,CITY HALL 1 GOVERNMENT WAY SOMERSWORTH 03878,11/03/2026-STATE GENERAL ELECTION
SOMERSWORTH WARD 02,KRISTEN LAPANNE,1 GOVERNMENT WAY SOMERSWORTH 03878,603-692-9511,603-692-9574,KLAPANNE@SOMERSWORTHNH.GOV,WWW.SOMERSWORTHNH.GOV,7:00 A.M. - 7:00 P.M.,7:00 A.M. - 7:00 PM,SUMMERSWORTH HISTORICAL MUSEUM 157 MAIN ST SOMERSWORTH 03878,11/03/2026-STATE GENERAL ELECTION
SOMERSWORTH WARD 03,KRISTEN LAPANNE,1 GOVERNMENT WAY SOMERSWORTH 03878,603-692-9511,603-692-9574,KLAPANNE@SOMERSWORTHNH.GOV,WWW.SOMERSWORTHNH.GOV,7:00 A.M. - 7:00 P.M.,7:00 A.M. - 7:00 PM,SOMERSWORTH HIGH SCHOOL 11 MEMORIAL DR SOMERSWORTH 03878,11/03/2026-STATE GENERAL ELECTION
SOMERSWORTH WARD 04,KRISTEN LAPANNE,1 GOVERNMENT WAY SOMERSWORTH 03878,603-692-9511,603-692-9574,KLAPANNE@SOMERSWORTHNH.GOV,WWW.SOMERSWORTHNH.GOV,7:00 A.M. - 7:00 P.M.,7:00 A.M. - 7:00 PM,IDLEHURST ELEMENTARY SCHOOL 46 STACKPOLE RD SOMERSWORTH 03878,11/03/2026-STATE GENERAL ELECTION
SOMERSWORTH WARD 05,KRISTEN LAPANNE,1 GOVERNMENT WAY SOMERSWORTH 03878,603-692-9511,603-692-9574,KLAPANNE@SOMERSWORTHNH.GOV,WWW.SOMERSWORTHNH.GOV,07:00 AM - 07:00 PM,07:00 AM - 07:00 PM,CHARPENTIER APARTMENTS - COMMUNITY ROOM 28 FRANKLIN ST SOMERSWORTH 03878,11/03/2026-STATE GENERAL ELECTION
SOUTH HAMPTON,ANDREA CONDON,3 HILLDALE AVE SOUTH HAMPTON 03827,603-394-7696,603-394-2134,TCTX@SOUTHHAMPTONNH.ORG,SOUTHHAMPTONNH.ORG,11:00 AM - 08:00 PM,11:00 AM - 08:00 PM,SOUTH HAMPTON TOWN HALL 3 HILLDALE AVE SOUTH HAMPTON 03827,11/03/2026-STATE GENERAL ELECTION
SPRINGFIELD,ANNIKA M MUNHOLAND,PO BOX 22 SPRINGFIELD 03284,603-763-4805,Not Applicable,TOWNCLERK@SPRINGFIELDNH.ORG,WWW.SPRINGFIELDNH.ORG,,,,
STARK,PATRICIA STYLES PEEL,1189 STARK HIGHWAY STARK 03582,603-636-2118,603-636-6199,PATTY@TOWNOFSTARK.COM,STARKNH.GOV,9:00 AM - 7:00 PM,9:00 AM - 7:00 PM,STARK VOLUNTEER FIRE DEPARTMENT 1276 STARK HWY STARK 03582,11/03/2026-STATE GENERAL ELECTION
STEWARTSTOWN,RITA M HIBBARD,888 WASHINGTON ST STEWARTSTOWN 03597,603-246-3329,603-246-3329,TOWNOFSTEWARTSTOWN@GMAIL.COM,Not Applicable,11:00 AM - 7:00 PM,10:00 AM - 6:00 PM,STEWARTSTOWN TOWN OFFICE 888 WASHINGTON ST STEWARTSTOWN 03597,11/03/2026-STATE GENERAL ELECTION
STODDARD,MCNEAL F NANCY,1450 ROUTE 123 N STODDARD 03464,603-446-3326,603-446-2278,CLERKTAX@STODDARDNH.ORG,WWW.STODDARDNH.ORG,8:00 AM - 7:00 PM,11:00 AM - 7:00 PM,JAMES FAULKNER ELEMENTARY SCHOOL 200 SCHOOL ST STODDARD 03464,11/03/2026-STATE GENERAL ELECTION
STRAFFORD,TERRI LYN MARSH,PO BOX 169 STRAFFORD 03884,603-664-2192,603-664-7276,TOWNCLERK@STRAFFORD.NH.GOV,WWW.STRAFFORD.NH.GOV,8:00 AM - 7:00 PM,8:00 AM - 7:00 PM,STRAFFORD TOWN HALL 12 MOUNTAIN VIEW DR STRAFFORD 03884,11/03/2026-STATE GENERAL ELECTION
STRATFORD,MARYANN F LISTER,PO BOX 366 STRATFORD 03590,603-922-5546,603-922-3317,TCTX@STRATFORDNH.GOV,WWW.STRATFORDNH.GOV,,,,
STRATHAM,DEBORAH L BAKIE,10 BUNKER HILL AVE STRATHAM 03885,603-772-4741,603-775-0517,DBAKIE@STRATHAMNH.GOV,WWW.STRATHAMNH.GOV,7:00AM - 7:00PM,7:00AM - 7:00PM,STRATHAM MEMORIAL SCHOOL 39 GIFFORD FARM RD STRATHAM 03885,11/03/2026-STATE GENERAL ELECTION
SUCCESS,LEONA KEALTY,74 VILLAGE RD SHELBURNE - FOR POLLING LOCATION ONLY SUCCESS 03581,603-466-2262,603-466-5271,TCTX@TOWNOFSHELBURNENH.GOV,HTTPS://WWW.TOWNOFSHELBURNENH.GOV/,,,,
SUGAR HILL,LISSA MACK BOISSONNEAULT,PO BOX 574 SUGAR HILL 03586,603-823-8516,603-823-8446,TOWNCLERK@SUGARHILLNH.ORG,WWW.SUGARHILLNH.ORG,11:00 AM - 7:00 PM,11:00 AM - 07:00 PM,CAROLINA CRAPO BUILDING 1411 ROUTE 117 SUGAR HILL 03586,11/03/2026-STATE GENERAL ELECTION
SULLIVAN,JASON E TAYLOR,PO BOX 110 SULLIVAN 03445,603-847-3316,603-847-9154,TOWNCLERK@TOWNOFSULLIVANNH.COM,TOWNOFSULLIVANNH.COM,8:00 AM - 7:00 PM,8:00 AM - 7:00 PM,SULLIVAN TOWN HALL 452 CENTRE ST SULLIVAN 03445,11/03/2026-STATE GENERAL ELECTION
SUNAPEE,ALYSSA PARSSINEN,PO BOX 303 SUNAPEE 03782,603-763-2449,Not Applicable,ALYSSA@SUNAPEENH.GOV,WWW.SUNAPEENH.GOV,8:00 AM - 7:00 PM,8:00AM - 7:00 PM,SHERBURNE GYMNASIUM 555 ROUTE 11 SUNAPEE 03782,11/03/2026-STATE GENERAL ELECTION
SURRY,CHRISTINA MARIE HAMMOND,235 Route 12A SURRY 03431,603-352-3075,603-357-4890,depclerk@surry.nh.gov,SURRY.NH.GOV,11:00 AM - 7:00 PM,11:00 AM - 7:00 PM,SURRY TOWN HALL 1 VILLAGE RD SURRY 03431,11/03/2026-STATE GENERAL ELECTION
SUTTON,BETH-HOLLY LADUKE,93 MAIN STREET SUTTON 03221,603-927-2401,603-927-4646,TOWNCLERK@SUTTON-NH.ORG,WWW.SUTTON-NH.ORG,,,,
SWANZEY,HEATHER ESTRELLA,PO BOX 10009 SWANZEY 03446,603-352-7411,603-352-6250,TOWNCLERK@SWANZEYNH.GOV,WWW.SWANZEYNH.GOV,8:00 AM - 7:00 PM,08:00AM - 07:00PM,MONADNOCK REGIONAL HIGH SCHOOL 580 OLD HOMESTEAD HWY SWANZEY 03446,11/03/2026-STATE GENERAL ELECTION
TAMWORTH,KIM TRAMMELL,84 MAIN STREET TAMWORTH 03886,603-323-7971,603-323-2347,TCTX@TAMWORTHNH.GOV,WWW.TAMWORTHNH.GOV,8:00 AM - 7:00 PM,8:00 AM - 7:00 PM,K A BRETT SCHOOL 881 TAMWORTH RD TAMWORTH 03886,11/03/2026-STATE GENERAL ELECTION
TEMPLE,STACEY C CLARK,PO BOX 69 TEMPLE 03084,603-878-3873,603-878-5067,TOWNCLERK@TEMPLENH.GOV,TEMPLENH.ORG,7:00 AM - 7:00 PM,7:00 AM - 7:00 PM,TEMPLE TOWN HALL 19 MAIN ST TEMPLE 03084,11/03/2026-STATE GENERAL ELECTION
THOMPSON & MESERVE'S PURCHASE,CHRISTINA ZORNIO,20 PARK ST THOMPSON & MESERVE'S PURCHASE 03581,603-466-2744,603-466-2744,CZORNIO@GORHAMNH.ORG,Not Applicable,,,,
THORNTON,ANITA C ROSS,16 MERRILL ACCESS RD. THORNTON 03285,603-726-4232,603-726-2078,TOWNCLERK@THORNTONNH.GOV,WWW.TOWNOFTHORNTON.ORG,,,,
TILTON,KIM SOWLES,257 MAIN ST TILTON 03276,603-286-4425,603-286-7817,KSOWLES@TILTONNH.ORG,WWW.TILTONNH.ORG,7:00 AM - 7:00 PM,7:00 AM - 7:00 PM,WINNISQUAM HIGH SCHOOL 435 W MAIN ST TILTON 03276,11/03/2026-STATE GENERAL ELECTION
TROY,DEBORAH L WILSON,PO BOX 249 TROY 03465,603-242-3845,603-242-3430,TOWNCLERK@TROY.NH.GOV,WWW.TROY-NH.US,,,,
TUFTONBORO,JENNIFER M COULTER,po box 407 TUFTONBORO 03850,603-569-4539,603-569-4328,TOWNCLERK@TUFTONBORONH.GOV,WWW.TUFTONBORONH.GOV,08:00 AM - 07:00 PM,08:00 AM - 07:00 PM,TUFTONBORO CENTRAL SCHOOL 205 MIDDLE RD CENTER TUFTONBORO 03816,11/03/2026-STATE GENERAL ELECTION
UNITY,RAMONA LABRIE,13 CENTER ROAD 1 UNITY 03603,603-542-9665,603-542-9736,TOWNCLERK@TOWNOFUNITYNH.ORG,WWW.TOWNOFUNITYNH.ORG,8:00 AM - 7:00 PM,8:00 AM - 7:00 PM,UNITY TOWN HALL 896 2ND NH TPKE UNITY 03603,11/03/2026-STATE GENERAL ELECTION
WAKEFIELD,VALERIE WARD,2 HIGH ST WAKEFIELD 03872,603-522-6205,603-522-6794,TOWNCLERK@WAKEFIELDNH.GOV,WWW.WAKEFIELDNH.GOV,8:00 AM - 7:00 PM,8:00 AM - 7:00 PM,WAKEFIELD TOWN HALL OPERA HOUSE 2 HIGH ST WAKEFIELD 03872,11/03/2026-STATE GENERAL ELECTION
WALPOLE WARD 01,MEGHAN H HANSSON,PO BOX 756 WALPOLE 03608,603-756-3514,Not Applicable,MHANSSON@WALPOLENH.US,WWW.WALPOLENH.US,7:00 AM - 7:00 PM,7:00 AM - 7:00 PM,WALPOLE TOWN HALL 34 ELM ST WALPOLE 03608,11/03/2026-STATE GENERAL ELECTION
WALPOLE WARD 02,MEGHAN H HANSSON,PO BOX 756 WALPOLE 03608,603-756-3514,Not Applicable,MHANSSON@WALPOLENH.US,WWW.WALPOLENH.US,7:00 AM - 7:00 PM,7 A M - 7 P M,ST PETERS CHURCH 38 CHURCH ST WALPOLE 03609,11/03/2026-STATE GENERAL ELECTION
WARNER,MICHELE L COURSER,PO BOX 265 WARNER 03278,603-456-2298,603-456-2297,TOWNCLERK@WARNERNH.GOV,WWW.WARNERNH.GOV,,,,
WARREN,SUZANNE M FLAGG,PO BOX 40 WARREN 03279,603-764-7705,603-764-9296,WARRENTOWNCLERK@GMAIL.COM,WWW.WARREN-NH.COM,,,,
WASHINGTON,SUELLEN LEISCHNER,7 HALFMOON POND RD WASHINGTON 03280,603-495-3667,603-495-1739,SLEISCHNER@WASHINGTONNH.ORG,WWW.WASHINGTONNH.ORG,,,,
WATERVILLE VALLEY,TERRY A. WAITE,PO BOX 500 WATERVILLE VALLEY 03215,603-236-4730,603-236-2056,CLERK@WATERVILLEVALLEYNH.GOV,WWW.WATERVILLEVALLEYNH.GOV,11:00 AM - 7:00 PM,10:30 AM - 4:30 PM,RECREATION DEPARTMENT 11 NOON PEAK RD WATERVILLE VALLEY 03215,11/03/2026-STATE GENERAL ELECTION
WEARE,PAMELA J MOUL,15 FLANDERS MEMORIAL RD WEARE 03281,603-529-7527,603-529-4554,PMOUL@WEARENH.GOV,WWW.WEARENH.GOV,7:00 AM - 7:00 PM,7:00 AM - 7:00 PM,WEARE MIDDLE SCHOOL 16 EAST RD WEARE 03281,11/03/2026-STATE GENERAL ELECTION
WEBSTER,MARY L WELCH,945 BATTLE ST WEBSTER 03303,603-648-2053,603-648-6055,TOWNCLERK@WEBSTER-NH.GOV,WWW.WEBSTER-NH.GOV,8:00AM - 7:00PM,10:00AM - 7:00PM,WEBSTER TOWN HALL 945 BATTLE ST WEBSTER 03303,11/03/2026-STATE GENERAL ELECTION
WENTWORTH,DEBORAH A ZIEMBA,P.O. BOX 2 WENTWORTH 03282,603-764-5244,603-764-9362,TOWNCLERK@WENTWORTH-NH.ORG,WWW.WENTWORTH-NH.ORG,,,,
WENTWORTH'S LOCATION,DONNA M DEMERS,PO BOX 100 WENTWORTH'S LOCATION 03579,603-482-3351,603-482-3804,ERROLTOWNCLERK@GMAIL.COM,Not Applicable,8:00 AM - 7:00 PM,11:00 AM - 7:00 PM,ERROL TOWN HALL 33 MAIN ST WENTWORTH'S LOCATION 03579,11/03/2026-STATE GENERAL ELECTION
WESTMORELAND,ELLIS G CHASE-PINKNEY,PO BOX 111 WESTMORELAND 03467,603-399-7211,603-762-5489,TOWN.CLERK@WESTMORELANDNH.GOV,WWW.WESTMORELANDNH.COM,,,,
WHITEFIELD,TINA L WRIGHT,56 LITTLETON ROAD WHITEFIELD 03598,603-837-9871,603-837-3148,TOWNCLERK@WHITEFIELDNH.GOV,WWW.WHITEFIELDNH.GOV,8:00AM - 7:00PM,8:00AM - 6:00PM,CD MCINTYRE BUILDING 16 HIGHLAND ST WHITEFIELD 03598,11/03/2026-STATE GENERAL ELECTION
WILMOT,LISA LAMSON,PO BOX 94 WILMOT 03287,603-526-9639,603-526-4067,WILMOT_TC@WILMOTNH.ORG,WWW.WILMOTNH.ORG,8:00 AM - 7:00 PM,8:00 AM - 7:00 PM,WILMOT TOWN HALL 9 NORTH WILMOT RD WILMOT 03287,11/03/2026-STATE GENERAL ELECTION
WILTON,JANE FARRELL,PO BOX 83 WILTON 03086,603-654-9451,603-654-6663,TCTC@WILTONNH.GOV,WWW.WILTONNH.GOV,8:00 AM - 7:00 PM,8:00 AM - 7:00 PM,WILTON TOWN HALL 42 MAIN ST WILTON 03086,11/03/2026-STATE GENERAL ELECTION
WINCHESTER,JAMES M TETREAULT,PO BOX 512 WINCHESTER 03470,603-239-6233,603-239-4146,JTETREAULT@WINCHESTER.NH.GOV,WWW.WINCHESTER-NH.GOV,,,,
WINDHAM,CANDIS JULIE JOHNSON,3 NORTH LOWELL ROAD WINDHAM 03087,603-434-5075,603-965-1275,TOWNCLERK@WINDHAMNH.GOV,WWW.WINDHAMNH.GOV,7:00 AM - 8:00 PM,7:00 AM - 8:00 PM,WINDHAM HIGH SCHOOL 64 LONDON BRIDGE RD WINDHAM 03087,11/03/2026-STATE GENERAL ELECTION
WINDSOR,STEPHANIE L HOULE,14 WHITE POND ROAD WINDSOR 03244,603-478-3292,Not Applicable,TOWNCLERK@WINDSORNH.ORG,WINDSORNH.ORG,11:00 AM - 7:00 PM,11:00 AM - 7:00 PM,WINDSOR TOWN HALL 14 WHITE POND RD WINDSOR 03244,11/03/2026-STATE GENERAL ELECTION
WOLFEBORO,PATRICIA M WATERMAN,84 south main street PO BOX 1207 WOLFEBORO 03894,603-569-5328,603-569-8178,TOWNCLERK@WOLFEBORONH.US,WWW.WOLFEBORONH.US,8:00 AM - 7:00 PM,8:00 AM - 7:00 PM,WOLFEBORO TOWN HALL 84 S MAIN ST WOLFEBORO 03894,11/03/2026-STATE GENERAL ELECTION
WOODSTOCK,JUDY LYNN WELCH,PO BOX 156 WOODSTOCK 03262,603-745-8752,603-745-2393,TOWNCLERK@WOODSTOCKNH.GOV,WWW.WOODSTOCKNH.GOV,,,,